--
-- PostgreSQL database dump
--

-- Dumped from database version 9.2.3
-- Dumped by pg_dump version 9.2.3
-- Started on 2014-10-01 12:12:55

SET statement_timeout = 0;
SET client_encoding = 'WIN1252';
SET standard_conforming_strings = on;
SET check_function_bodies = false;
SET client_min_messages = warning;

--
-- TOC entry 197 (class 3079 OID 11727)
-- Name: plpgsql; Type: EXTENSION; Schema: -; Owner: 
--

CREATE EXTENSION IF NOT EXISTS plpgsql WITH SCHEMA pg_catalog;


--
-- TOC entry 2094 (class 0 OID 0)
-- Dependencies: 197
-- Name: EXTENSION plpgsql; Type: COMMENT; Schema: -; Owner: 
--

COMMENT ON EXTENSION plpgsql IS 'PL/pgSQL procedural language';


SET search_path = public, pg_catalog;

SET default_tablespace = '';

SET default_with_oids = false;

--
-- TOC entry 181 (class 1259 OID 2708947)
-- Name: tb_cidade; Type: TABLE; Schema: public; Owner: postgres; Tablespace: 
--

CREATE TABLE tb_cidade (
    id_cidade integer NOT NULL,
    id_estado integer NOT NULL,
    nome character varying(45) NOT NULL
);


ALTER TABLE public.tb_cidade OWNER TO postgres;

--
-- TOC entry 180 (class 1259 OID 2708945)
-- Name: tb_cidade_id_cidade_seq; Type: SEQUENCE; Schema: public; Owner: postgres
--

CREATE SEQUENCE tb_cidade_id_cidade_seq
    START WITH 1
    INCREMENT BY 1
    NO MINVALUE
    NO MAXVALUE
    CACHE 1;


ALTER TABLE public.tb_cidade_id_cidade_seq OWNER TO postgres;

--
-- TOC entry 2095 (class 0 OID 0)
-- Dependencies: 180
-- Name: tb_cidade_id_cidade_seq; Type: SEQUENCE OWNED BY; Schema: public; Owner: postgres
--

ALTER SEQUENCE tb_cidade_id_cidade_seq OWNED BY tb_cidade.id_cidade;


--
-- TOC entry 185 (class 1259 OID 2708979)
-- Name: tb_cliente; Type: TABLE; Schema: public; Owner: postgres; Tablespace: 
--

CREATE TABLE tb_cliente (
    id_cliente integer NOT NULL,
    id_endereco integer NOT NULL,
    tipo_pessoa character varying(15) NOT NULL,
    nome_cliente character varying(45) NOT NULL,
    cpf_cnpj character varying(20) NOT NULL,
    fg_ativo boolean NOT NULL
);


ALTER TABLE public.tb_cliente OWNER TO postgres;

--
-- TOC entry 184 (class 1259 OID 2708977)
-- Name: tb_cliente_id_cliente_seq; Type: SEQUENCE; Schema: public; Owner: postgres
--

CREATE SEQUENCE tb_cliente_id_cliente_seq
    START WITH 1
    INCREMENT BY 1
    NO MINVALUE
    NO MAXVALUE
    CACHE 1;


ALTER TABLE public.tb_cliente_id_cliente_seq OWNER TO postgres;

--
-- TOC entry 2096 (class 0 OID 0)
-- Dependencies: 184
-- Name: tb_cliente_id_cliente_seq; Type: SEQUENCE OWNED BY; Schema: public; Owner: postgres
--

ALTER SEQUENCE tb_cliente_id_cliente_seq OWNED BY tb_cliente.id_cliente;


--
-- TOC entry 187 (class 1259 OID 2708992)
-- Name: tb_contato; Type: TABLE; Schema: public; Owner: postgres; Tablespace: 
--

CREATE TABLE tb_contato (
    id_contato integer NOT NULL,
    id_tipo_contato integer NOT NULL,
    id_cliente integer NOT NULL,
    descricao character varying(50) NOT NULL,
    fg_ativo boolean NOT NULL
);


ALTER TABLE public.tb_contato OWNER TO postgres;

--
-- TOC entry 186 (class 1259 OID 2708990)
-- Name: tb_contato_id_contato_seq; Type: SEQUENCE; Schema: public; Owner: postgres
--

CREATE SEQUENCE tb_contato_id_contato_seq
    START WITH 1
    INCREMENT BY 1
    NO MINVALUE
    NO MAXVALUE
    CACHE 1;


ALTER TABLE public.tb_contato_id_contato_seq OWNER TO postgres;

--
-- TOC entry 2097 (class 0 OID 0)
-- Dependencies: 186
-- Name: tb_contato_id_contato_seq; Type: SEQUENCE OWNED BY; Schema: public; Owner: postgres
--

ALTER SEQUENCE tb_contato_id_contato_seq OWNED BY tb_contato.id_contato;


--
-- TOC entry 193 (class 1259 OID 2709051)
-- Name: tb_contrato; Type: TABLE; Schema: public; Owner: postgres; Tablespace: 
--

CREATE TABLE tb_contrato (
    id_contrato integer NOT NULL,
    id_cliente integer NOT NULL,
    id_tipo_evento integer NOT NULL,
    id_evento integer NOT NULL,
    id_formas_pagamento integer NOT NULL,
    data_evento date NOT NULL,
    total_a_pagar numeric(8,2) NOT NULL,
    qtde_parcelas integer NOT NULL,
    juro_mensal character varying(6) NOT NULL,
    total_parcelado numeric(8,2),
    valor_parcela numeric(8,2),
    dt_contrato date,
    fg_ativo boolean NOT NULL
);


ALTER TABLE public.tb_contrato OWNER TO postgres;

--
-- TOC entry 192 (class 1259 OID 2709049)
-- Name: tb_contrato_id_contrato_seq; Type: SEQUENCE; Schema: public; Owner: postgres
--

CREATE SEQUENCE tb_contrato_id_contrato_seq
    START WITH 1
    INCREMENT BY 1
    NO MINVALUE
    NO MAXVALUE
    CACHE 1;


ALTER TABLE public.tb_contrato_id_contrato_seq OWNER TO postgres;

--
-- TOC entry 2098 (class 0 OID 0)
-- Dependencies: 192
-- Name: tb_contrato_id_contrato_seq; Type: SEQUENCE OWNED BY; Schema: public; Owner: postgres
--

ALTER SEQUENCE tb_contrato_id_contrato_seq OWNED BY tb_contrato.id_contrato;


--
-- TOC entry 195 (class 1259 OID 2709088)
-- Name: tb_convidados; Type: TABLE; Schema: public; Owner: postgres; Tablespace: 
--

CREATE TABLE tb_convidados (
    id_convidado integer NOT NULL,
    nome_convidado character varying(45) NOT NULL,
    dt_nasc date NOT NULL,
    email character varying(100) NOT NULL,
    qtde_convites integer NOT NULL,
    img_convidado oid,
    obs character varying(100),
    fg_confirmou_presenca boolean NOT NULL
);


ALTER TABLE public.tb_convidados OWNER TO postgres;

--
-- TOC entry 194 (class 1259 OID 2709086)
-- Name: tb_convidados_id_convidado_seq; Type: SEQUENCE; Schema: public; Owner: postgres
--

CREATE SEQUENCE tb_convidados_id_convidado_seq
    START WITH 1
    INCREMENT BY 1
    NO MINVALUE
    NO MAXVALUE
    CACHE 1;


ALTER TABLE public.tb_convidados_id_convidado_seq OWNER TO postgres;

--
-- TOC entry 2099 (class 0 OID 0)
-- Dependencies: 194
-- Name: tb_convidados_id_convidado_seq; Type: SEQUENCE OWNED BY; Schema: public; Owner: postgres
--

ALTER SEQUENCE tb_convidados_id_convidado_seq OWNED BY tb_convidados.id_convidado;


--
-- TOC entry 183 (class 1259 OID 2708960)
-- Name: tb_endereco; Type: TABLE; Schema: public; Owner: postgres; Tablespace: 
--

CREATE TABLE tb_endereco (
    id_endereco integer NOT NULL,
    id_cidade integer NOT NULL,
    id_tipo_logradouro integer NOT NULL,
    descricao character varying(40) NOT NULL,
    num integer NOT NULL,
    complemento character varying(10) NOT NULL,
    num_apto character varying(7),
    bairro character varying(30),
    cep character varying(10),
    fg_ativo boolean NOT NULL
);


ALTER TABLE public.tb_endereco OWNER TO postgres;

--
-- TOC entry 182 (class 1259 OID 2708958)
-- Name: tb_endereco_id_endereco_seq; Type: SEQUENCE; Schema: public; Owner: postgres
--

CREATE SEQUENCE tb_endereco_id_endereco_seq
    START WITH 1
    INCREMENT BY 1
    NO MINVALUE
    NO MAXVALUE
    CACHE 1;


ALTER TABLE public.tb_endereco_id_endereco_seq OWNER TO postgres;

--
-- TOC entry 2100 (class 0 OID 0)
-- Dependencies: 182
-- Name: tb_endereco_id_endereco_seq; Type: SEQUENCE OWNED BY; Schema: public; Owner: postgres
--

ALTER SEQUENCE tb_endereco_id_endereco_seq OWNED BY tb_endereco.id_endereco;


--
-- TOC entry 175 (class 1259 OID 2708923)
-- Name: tb_estado; Type: TABLE; Schema: public; Owner: postgres; Tablespace: 
--

CREATE TABLE tb_estado (
    id_estado integer NOT NULL,
    nome_estado character varying(45) NOT NULL,
    sigla character(2) NOT NULL
);


ALTER TABLE public.tb_estado OWNER TO postgres;

--
-- TOC entry 174 (class 1259 OID 2708921)
-- Name: tb_estado_id_estado_seq; Type: SEQUENCE; Schema: public; Owner: postgres
--

CREATE SEQUENCE tb_estado_id_estado_seq
    START WITH 1
    INCREMENT BY 1
    NO MINVALUE
    NO MAXVALUE
    CACHE 1;


ALTER TABLE public.tb_estado_id_estado_seq OWNER TO postgres;

--
-- TOC entry 2101 (class 0 OID 0)
-- Dependencies: 174
-- Name: tb_estado_id_estado_seq; Type: SEQUENCE OWNED BY; Schema: public; Owner: postgres
--

ALTER SEQUENCE tb_estado_id_estado_seq OWNED BY tb_estado.id_estado;


--
-- TOC entry 191 (class 1259 OID 2709028)
-- Name: tb_evento; Type: TABLE; Schema: public; Owner: postgres; Tablespace: 
--

CREATE TABLE tb_evento (
    id_evento integer NOT NULL,
    id_cliente integer NOT NULL,
    id_tipo_evento integer NOT NULL,
    id_local_evento integer NOT NULL,
    nome_evento character varying(40) NOT NULL,
    dt_hora_evento timestamp without time zone,
    qtde_convidados_atual integer NOT NULL,
    fg_ativo boolean NOT NULL
);


ALTER TABLE public.tb_evento OWNER TO postgres;

--
-- TOC entry 196 (class 1259 OID 2709107)
-- Name: tb_evento_convidados; Type: TABLE; Schema: public; Owner: postgres; Tablespace: 
--

CREATE TABLE tb_evento_convidados (
    id_convidado integer NOT NULL,
    id_evento integer NOT NULL
);


ALTER TABLE public.tb_evento_convidados OWNER TO postgres;

--
-- TOC entry 190 (class 1259 OID 2709026)
-- Name: tb_evento_id_evento_seq; Type: SEQUENCE; Schema: public; Owner: postgres
--

CREATE SEQUENCE tb_evento_id_evento_seq
    START WITH 1
    INCREMENT BY 1
    NO MINVALUE
    NO MAXVALUE
    CACHE 1;


ALTER TABLE public.tb_evento_id_evento_seq OWNER TO postgres;

--
-- TOC entry 2102 (class 0 OID 0)
-- Dependencies: 190
-- Name: tb_evento_id_evento_seq; Type: SEQUENCE OWNED BY; Schema: public; Owner: postgres
--

ALTER SEQUENCE tb_evento_id_evento_seq OWNED BY tb_evento.id_evento;


--
-- TOC entry 171 (class 1259 OID 2708891)
-- Name: tb_formas_pagamento; Type: TABLE; Schema: public; Owner: postgres; Tablespace: 
--

CREATE TABLE tb_formas_pagamento (
    id_forma_pagamento integer NOT NULL,
    descricao character varying(45) NOT NULL,
    fg_ativo boolean NOT NULL
);


ALTER TABLE public.tb_formas_pagamento OWNER TO postgres;

--
-- TOC entry 170 (class 1259 OID 2708889)
-- Name: tb_formas_pagamento_id_forma_pagamento_seq; Type: SEQUENCE; Schema: public; Owner: postgres
--

CREATE SEQUENCE tb_formas_pagamento_id_forma_pagamento_seq
    START WITH 1
    INCREMENT BY 1
    NO MINVALUE
    NO MAXVALUE
    CACHE 1;


ALTER TABLE public.tb_formas_pagamento_id_forma_pagamento_seq OWNER TO postgres;

--
-- TOC entry 2103 (class 0 OID 0)
-- Dependencies: 170
-- Name: tb_formas_pagamento_id_forma_pagamento_seq; Type: SEQUENCE OWNED BY; Schema: public; Owner: postgres
--

ALTER SEQUENCE tb_formas_pagamento_id_forma_pagamento_seq OWNED BY tb_formas_pagamento.id_forma_pagamento;


--
-- TOC entry 189 (class 1259 OID 2709010)
-- Name: tb_local_evento; Type: TABLE; Schema: public; Owner: postgres; Tablespace: 
--

CREATE TABLE tb_local_evento (
    id_local_evento integer NOT NULL,
    id_endereco integer NOT NULL,
    id_contato integer NOT NULL,
    nome_local character varying(25) NOT NULL,
    proprietario character varying(45) NOT NULL,
    cpf_cnpj character varying(20) NOT NULL,
    fg_ativo boolean NOT NULL
);


ALTER TABLE public.tb_local_evento OWNER TO postgres;

--
-- TOC entry 188 (class 1259 OID 2709008)
-- Name: tb_local_evento_id_local_evento_seq; Type: SEQUENCE; Schema: public; Owner: postgres
--

CREATE SEQUENCE tb_local_evento_id_local_evento_seq
    START WITH 1
    INCREMENT BY 1
    NO MINVALUE
    NO MAXVALUE
    CACHE 1;


ALTER TABLE public.tb_local_evento_id_local_evento_seq OWNER TO postgres;

--
-- TOC entry 2104 (class 0 OID 0)
-- Dependencies: 188
-- Name: tb_local_evento_id_local_evento_seq; Type: SEQUENCE OWNED BY; Schema: public; Owner: postgres
--

ALTER SEQUENCE tb_local_evento_id_local_evento_seq OWNED BY tb_local_evento.id_local_evento;


--
-- TOC entry 169 (class 1259 OID 2708883)
-- Name: tb_login_aplicacao; Type: TABLE; Schema: public; Owner: postgres; Tablespace: 
--

CREATE TABLE tb_login_aplicacao (
    id_login integer NOT NULL,
    usuario character varying(10) NOT NULL,
    senha character varying(15) NOT NULL,
    fg_ativo boolean NOT NULL
);


ALTER TABLE public.tb_login_aplicacao OWNER TO postgres;

--
-- TOC entry 168 (class 1259 OID 2708881)
-- Name: tb_login_aplicacao_id_login_seq; Type: SEQUENCE; Schema: public; Owner: postgres
--

CREATE SEQUENCE tb_login_aplicacao_id_login_seq
    START WITH 1
    INCREMENT BY 1
    NO MINVALUE
    NO MAXVALUE
    CACHE 1;


ALTER TABLE public.tb_login_aplicacao_id_login_seq OWNER TO postgres;

--
-- TOC entry 2105 (class 0 OID 0)
-- Dependencies: 168
-- Name: tb_login_aplicacao_id_login_seq; Type: SEQUENCE OWNED BY; Schema: public; Owner: postgres
--

ALTER SEQUENCE tb_login_aplicacao_id_login_seq OWNED BY tb_login_aplicacao.id_login;


--
-- TOC entry 177 (class 1259 OID 2708931)
-- Name: tb_tipo_contato; Type: TABLE; Schema: public; Owner: postgres; Tablespace: 
--

CREATE TABLE tb_tipo_contato (
    id_tipo_contato integer NOT NULL,
    descricao character varying(25) NOT NULL
);


ALTER TABLE public.tb_tipo_contato OWNER TO postgres;

--
-- TOC entry 176 (class 1259 OID 2708929)
-- Name: tb_tipo_contato_id_tipo_contato_seq; Type: SEQUENCE; Schema: public; Owner: postgres
--

CREATE SEQUENCE tb_tipo_contato_id_tipo_contato_seq
    START WITH 1
    INCREMENT BY 1
    NO MINVALUE
    NO MAXVALUE
    CACHE 1;


ALTER TABLE public.tb_tipo_contato_id_tipo_contato_seq OWNER TO postgres;

--
-- TOC entry 2106 (class 0 OID 0)
-- Dependencies: 176
-- Name: tb_tipo_contato_id_tipo_contato_seq; Type: SEQUENCE OWNED BY; Schema: public; Owner: postgres
--

ALTER SEQUENCE tb_tipo_contato_id_tipo_contato_seq OWNED BY tb_tipo_contato.id_tipo_contato;


--
-- TOC entry 179 (class 1259 OID 2708939)
-- Name: tb_tipo_evento; Type: TABLE; Schema: public; Owner: postgres; Tablespace: 
--

CREATE TABLE tb_tipo_evento (
    id_tipo_evento integer NOT NULL,
    descricao character varying(20) NOT NULL,
    fg_ativo boolean NOT NULL
);


ALTER TABLE public.tb_tipo_evento OWNER TO postgres;

--
-- TOC entry 178 (class 1259 OID 2708937)
-- Name: tb_tipo_evento_id_tipo_evento_seq; Type: SEQUENCE; Schema: public; Owner: postgres
--

CREATE SEQUENCE tb_tipo_evento_id_tipo_evento_seq
    START WITH 1
    INCREMENT BY 1
    NO MINVALUE
    NO MAXVALUE
    CACHE 1;


ALTER TABLE public.tb_tipo_evento_id_tipo_evento_seq OWNER TO postgres;

--
-- TOC entry 2107 (class 0 OID 0)
-- Dependencies: 178
-- Name: tb_tipo_evento_id_tipo_evento_seq; Type: SEQUENCE OWNED BY; Schema: public; Owner: postgres
--

ALTER SEQUENCE tb_tipo_evento_id_tipo_evento_seq OWNED BY tb_tipo_evento.id_tipo_evento;


--
-- TOC entry 173 (class 1259 OID 2708915)
-- Name: tb_tipo_logradouro; Type: TABLE; Schema: public; Owner: postgres; Tablespace: 
--

CREATE TABLE tb_tipo_logradouro (
    id_tipo_logradouro integer NOT NULL,
    descricao character varying(15) NOT NULL
);


ALTER TABLE public.tb_tipo_logradouro OWNER TO postgres;

--
-- TOC entry 172 (class 1259 OID 2708913)
-- Name: tb_tipo_logradouro_id_tipo_logradouro_seq; Type: SEQUENCE; Schema: public; Owner: postgres
--

CREATE SEQUENCE tb_tipo_logradouro_id_tipo_logradouro_seq
    START WITH 1
    INCREMENT BY 1
    NO MINVALUE
    NO MAXVALUE
    CACHE 1;


ALTER TABLE public.tb_tipo_logradouro_id_tipo_logradouro_seq OWNER TO postgres;

--
-- TOC entry 2108 (class 0 OID 0)
-- Dependencies: 172
-- Name: tb_tipo_logradouro_id_tipo_logradouro_seq; Type: SEQUENCE OWNED BY; Schema: public; Owner: postgres
--

ALTER SEQUENCE tb_tipo_logradouro_id_tipo_logradouro_seq OWNED BY tb_tipo_logradouro.id_tipo_logradouro;


--
-- TOC entry 2004 (class 2604 OID 2708950)
-- Name: id_cidade; Type: DEFAULT; Schema: public; Owner: postgres
--

ALTER TABLE ONLY tb_cidade ALTER COLUMN id_cidade SET DEFAULT nextval('tb_cidade_id_cidade_seq'::regclass);


--
-- TOC entry 2006 (class 2604 OID 2708982)
-- Name: id_cliente; Type: DEFAULT; Schema: public; Owner: postgres
--

ALTER TABLE ONLY tb_cliente ALTER COLUMN id_cliente SET DEFAULT nextval('tb_cliente_id_cliente_seq'::regclass);


--
-- TOC entry 2007 (class 2604 OID 2708995)
-- Name: id_contato; Type: DEFAULT; Schema: public; Owner: postgres
--

ALTER TABLE ONLY tb_contato ALTER COLUMN id_contato SET DEFAULT nextval('tb_contato_id_contato_seq'::regclass);


--
-- TOC entry 2010 (class 2604 OID 2709054)
-- Name: id_contrato; Type: DEFAULT; Schema: public; Owner: postgres
--

ALTER TABLE ONLY tb_contrato ALTER COLUMN id_contrato SET DEFAULT nextval('tb_contrato_id_contrato_seq'::regclass);


--
-- TOC entry 2011 (class 2604 OID 2709091)
-- Name: id_convidado; Type: DEFAULT; Schema: public; Owner: postgres
--

ALTER TABLE ONLY tb_convidados ALTER COLUMN id_convidado SET DEFAULT nextval('tb_convidados_id_convidado_seq'::regclass);


--
-- TOC entry 2005 (class 2604 OID 2708963)
-- Name: id_endereco; Type: DEFAULT; Schema: public; Owner: postgres
--

ALTER TABLE ONLY tb_endereco ALTER COLUMN id_endereco SET DEFAULT nextval('tb_endereco_id_endereco_seq'::regclass);


--
-- TOC entry 2001 (class 2604 OID 2708926)
-- Name: id_estado; Type: DEFAULT; Schema: public; Owner: postgres
--

ALTER TABLE ONLY tb_estado ALTER COLUMN id_estado SET DEFAULT nextval('tb_estado_id_estado_seq'::regclass);


--
-- TOC entry 2009 (class 2604 OID 2709031)
-- Name: id_evento; Type: DEFAULT; Schema: public; Owner: postgres
--

ALTER TABLE ONLY tb_evento ALTER COLUMN id_evento SET DEFAULT nextval('tb_evento_id_evento_seq'::regclass);


--
-- TOC entry 1999 (class 2604 OID 2708894)
-- Name: id_forma_pagamento; Type: DEFAULT; Schema: public; Owner: postgres
--

ALTER TABLE ONLY tb_formas_pagamento ALTER COLUMN id_forma_pagamento SET DEFAULT nextval('tb_formas_pagamento_id_forma_pagamento_seq'::regclass);


--
-- TOC entry 2008 (class 2604 OID 2709013)
-- Name: id_local_evento; Type: DEFAULT; Schema: public; Owner: postgres
--

ALTER TABLE ONLY tb_local_evento ALTER COLUMN id_local_evento SET DEFAULT nextval('tb_local_evento_id_local_evento_seq'::regclass);


--
-- TOC entry 1998 (class 2604 OID 2708886)
-- Name: id_login; Type: DEFAULT; Schema: public; Owner: postgres
--

ALTER TABLE ONLY tb_login_aplicacao ALTER COLUMN id_login SET DEFAULT nextval('tb_login_aplicacao_id_login_seq'::regclass);


--
-- TOC entry 2002 (class 2604 OID 2708934)
-- Name: id_tipo_contato; Type: DEFAULT; Schema: public; Owner: postgres
--

ALTER TABLE ONLY tb_tipo_contato ALTER COLUMN id_tipo_contato SET DEFAULT nextval('tb_tipo_contato_id_tipo_contato_seq'::regclass);


--
-- TOC entry 2003 (class 2604 OID 2708942)
-- Name: id_tipo_evento; Type: DEFAULT; Schema: public; Owner: postgres
--

ALTER TABLE ONLY tb_tipo_evento ALTER COLUMN id_tipo_evento SET DEFAULT nextval('tb_tipo_evento_id_tipo_evento_seq'::regclass);


--
-- TOC entry 2000 (class 2604 OID 2708918)
-- Name: id_tipo_logradouro; Type: DEFAULT; Schema: public; Owner: postgres
--

ALTER TABLE ONLY tb_tipo_logradouro ALTER COLUMN id_tipo_logradouro SET DEFAULT nextval('tb_tipo_logradouro_id_tipo_logradouro_seq'::regclass);


--
-- TOC entry 2071 (class 0 OID 2708947)
-- Dependencies: 181
-- Data for Name: tb_cidade; Type: TABLE DATA; Schema: public; Owner: postgres
--

COPY tb_cidade (id_cidade, id_estado, nome) FROM stdin;
1	1	ACRELANDIA
2	1	ASSIS BRASIL
3	1	BRASILEIA
4	1	BUJARI
5	1	CAPIXABA
6	1	CRUZEIRO DO SUL
7	1	EPITACIOANDIA
8	1	FEIJO
9	1	JORDAO
10	1	MANCIO LIMA
11	1	MANOEL URBANO
12	1	MARECHAL THAUMATURGO
13	1	PLACIDO DE CASTRO
14	1	PORTO ACRE
15	1	PORTO WALTER
16	1	RIO BRANCO
17	1	RODRIGUES ALVES
18	1	SANTA ROSA DO PURUS
19	1	SENA MADUREIRA
20	1	SENADOR GUIOMARD
21	1	TARAUACA
22	1	XAPURI
23	2	AGUA BRANCA
24	2	ANADIA
25	2	ARAPIRACA
26	2	ATALAIA
27	2	BARRA DE SANTO ANTONIO
28	2	BARRA DE SAO MIGUEL
29	2	BATALHA
30	2	BELEM
31	2	BELO MONTE
32	2	BOCA DA MATA
33	2	BRANQUINHA
34	2	CACIMBINHAS
35	2	CAJUEIRO
36	2	CAMPESTRE
37	2	CAMPO ALEGRE
38	2	CAMPO GRANDE
39	2	CANAPI
40	2	CAPELA
41	2	CARNEIROS
42	2	CHA PRETA
43	2	COITE NOIA
44	2	COLONIA LEOPOLDINA
45	2	COQUEIRO SECO
46	2	CORURIPE
47	2	CRAIBAS
48	2	DELMIRO GOUVEIA
49	2	DOIS RIACHOS
50	2	ESTRELA DE ALAGOAS
51	2	FEIRA GRANDE
52	2	FELIZ DESERTO
53	2	FLEXEIRAS
54	2	GIRAU DO PONCIANO
55	2	IBATEGUARA
56	2	IGACI
57	2	IGREJA NOVA
58	2	INHAPI
59	2	JACARE DOS HOMENS
60	2	JACUIPE
61	2	JAPARATINGA
62	2	JARAMATAIA
63	2	JEQUIA DA PRAIA
64	2	JOAQUIM GOMES
65	2	JUNDIA
66	2	JUNQUEIRO
67	2	LAGOA DA CANOA
68	2	LIMOEIRO DE ANADIA
69	2	MACEIO
70	2	MAJOR ISIDORO
71	2	MAR VERMELHO
72	2	MARAGOGI
73	2	MARAVILHA
74	2	MARECHAL DEODORO
75	2	MARIBONDO
76	2	MATA GRANDE
77	2	MATRIZ DE CAMARAGIBE
78	2	MESSIAS
79	2	MINADOR DO NEGRAO
80	2	MONTEIROPOLIS
81	2	MURICI
82	2	NOVO LINO
83	2	OLHO DAGUA DAS FLORES
84	2	OLHO DAGUA DO CASADO
85	2	OLHO DAGUA GRANDE
86	2	OLIVENCA
87	2	OURO BRANCO
88	2	PALESTINA
89	2	PALMEIRA DOS INDIOS
90	2	PAO DE ACUCAR
91	2	PARICONHA
92	2	PARIPUEIRA
93	2	PASSO DE CAMARAGIBE
94	2	PAULO JACINTO
95	2	PENEDO
96	2	PIACABUCU
97	2	PILAR
98	2	PINDOBA
99	2	PIRANHAS
100	2	POCO DAS TRINCHEIRAS
101	2	PORTO CALVO
102	2	PORTO DAS PEDRAS
103	2	PORTO REAL DO COLEGIO
104	2	QUEBRANGULO
105	2	RIO LARGO
106	2	ROTEIRO
107	2	SANTA LUZIA DO NORTE
108	2	SANTANA DE IPANEMA
109	2	SANTANA DO MUNDAU
110	2	SAO BRAS
111	2	SAO JOSE DA LAJE
112	2	SAO JOSE DA TAPERA
113	2	SAO LUIS DO QUITUNDE
114	2	SAO MIGUEL DOS CAMPOS
115	2	SAO MIGUEL DOS MILAGRES
116	2	SAO SEBASTIAO
117	2	SATUBA
118	2	SENADOR RUI PALMARES
119	2	TANQUE DARCA
120	2	TAQUARANA
121	2	TEOTONIO VILELA
122	2	TRAIPU
123	2	UNIAO DOS PALMARES
124	2	VICOSA
125	3	ALVARAES
126	3	AMATURA
127	3	ANAMA
128	3	ANORI
129	3	APUI
130	3	ATALAIA DO NORTE
131	3	AUTAZES
132	3	BARCELOS
133	3	BARREIRINHA
134	3	BERURI
135	3	BOA VISTA DO RAMOS
136	3	BOCA DO ACRE
137	3	BORBA
138	3	CAAPIRANGA
139	3	CANUTAMA
140	3	CARAUARI
141	3	CAREIRO
142	3	CAREIRO DA VARZEA
143	3	COARI
144	3	CODAJAS
145	3	EIRUNEPE
146	3	ENVIRA
147	3	FONTE BOA
148	3	GUAJARA
149	3	HUMAITA
150	3	IPIXUNA
151	3	IRANDUBA
152	3	ITACOATIARA
153	3	ITAMARATI
154	3	ITAPIRANGA
155	3	JAPURA
156	3	JURUA
157	3	JUTAI
158	3	LABREA
159	3	MANACAPURU
160	3	MANAQUIRI
161	3	MANAUS
162	3	MANICORE
163	3	MARAA
164	3	MAUES
165	3	NHAMUNDA
166	3	NOVA OLINDA DO NORTE
167	3	NOVO AIRAO
168	3	NOVO ARIPUANA
169	3	PARINTINS
170	3	PAUINI
171	3	PRESIDENTE FIGUEIREDO
172	3	RIO PRETO DA EVA
173	3	SANTA ISABEL DO RIO NEGRO
174	3	SANTO ANTÔNIO DO ICA
175	3	SAO GABRIEL DA CACHOEIRA
176	3	SAO PAULO DE OLIVENCA
177	3	SAO SEBASTIAO DO UATUMA
178	3	SILVES
179	3	TABATINGA
180	3	TAPAUA
181	3	TEFE
182	3	TONANTINS
183	3	UARINI
184	3	URUCARA
185	3	URUCURITUBA
186	4	AMAPA
187	4	CALCOENE
188	4	CUTIAS
189	4	FERREIRA GOMES
190	4	ITAUBAL
191	4	LARANJAL DO JARI
192	4	MACAPA
193	4	MAZAGAO
194	4	OIAPOQUE
195	4	PEDRA BRANCA DO AMAPARI
196	4	PORTO GRANDE
197	4	PRACUUBA
198	4	SANTANA
199	4	SERRA DO NAVIO
200	4	TARTARUGALZINHO
201	4	VITORIA DO JARI
202	5	ABAIRA
203	5	ABARE
204	5	ACAJUTIBA
205	5	ADUSTINA
206	5	AGUA FRIA
207	5	AIQUARA
208	5	ALAGOINHAS
209	5	ALCOBACA
210	5	ALMADINA
211	5	AMARGOSA
212	5	AMELIA RODRIGUES
213	5	AMERICA DOURADA
214	5	ANAGE
215	5	ANDARAI
216	5	ANDORINHA
217	5	ANGICAL
218	5	ANGUERA
219	5	ANTAS
220	5	ANTONIO CARDOSO
221	5	ANTONIO GONCALVES
222	5	APORA
223	5	APUAREMA
224	5	ARACAS
225	5	ARACATU
226	5	ARACI
227	5	ARAMARI
228	5	ARATACA
229	5	ARATUIPE
230	5	AURELINO LEAL
231	5	BAIANOPOLIS
232	5	BAIXA GRANDE
233	5	BANZAE
234	5	BARRA
235	5	BARRA DA ESTIVA
236	5	BARRA DO CHOCA
237	5	BARRA DO MENDES
238	5	BARRA DO ROCHA
239	5	BARREIRAS
240	5	BARRO ALTO
241	5	BARRO PRETO
242	5	BARROCAS
243	5	BELMONTE
244	5	BELO CAMPO
245	5	BIRITINGA
246	5	BOA NOVA
247	5	BOA VISTA DO TUPIM
248	5	BOM JESUS DA LAPA
249	5	BOM JESUS DA SERRA
250	5	BONIMAL
251	5	BONITO
252	5	BOQUIRA
253	5	BOTUPORA
254	5	BREJOES
255	5	BREJOLANDIA
256	5	BROTAS DE MACAUBAS
257	5	BRUMADO
258	5	BUERAREMA
259	5	BURITIRAMA
260	5	CAATIBA
261	5	CABECEIRAS DO PARAGUACU
262	5	CACHOEIRA
263	5	CACULE
264	5	CAEM
265	5	CAETANOS
266	5	CAETITE
267	5	CAFARNAUM
268	5	CAIRU
269	5	CALDEIRAO GRANDE
270	5	CAMACAN
271	5	CAMACARI
272	5	CAMAMU
273	5	CAMPO ALEGRE DE LOURDES
274	5	CAMPO FORMOSO
275	5	CANAPOLIS
276	5	CANARAMA
277	5	CANAVIEIRAS
278	5	CANDEAL
279	5	CANDEIAS
280	5	CANDIBA
281	5	CANDIDO SALES
282	5	CANSANCAO
283	5	CANUDOS
284	5	CAPELA DO ALTO ALEGRE
285	5	CAPIM GROSSO 
286	5	CARAIBAS
287	5	CARAVELAS
288	5	CARDEAL DA SILVA
289	5	CARINHANHA
290	5	CASA NOVA
291	5	CASTRO ALVES
292	5	CATOLANDIA
293	5	CATU
294	5	CATURAMA
295	5	CENTRAL
296	5	CHORROCHO
297	5	CICERO DANTAS
298	5	CIPO
299	5	COARACI
300	5	COCOS
301	5	CONCEICAO DA FEIRA
302	5	CONCEICAO DO ALMEIDA
303	5	CONCEICAO DO COITE
304	5	CONCEICAO DO JACUIPE
305	5	CONDE
306	5	CONDEUBA
307	5	CONTENDAS DE SINCORA
308	5	CORAÇAO DE MARIA
309	5	CORDEIROS
310	5	CORIBE
311	5	CORONEL JOAO SA
312	5	CORRENTINA
313	5	COTEGIPE
314	5	CRAVOLANDIA
315	5	CRISOPOLIS
316	5	CRISTOPOLIS
317	5	CRUZ DAS ALMAS
318	5	CURACA
319	5	DARIO MEIRA
320	5	DIAS DAVILA
321	5	DOM BASILIO
322	5	DOM MACEDO COSTA
323	5	ELISIO MEDRADO
324	5	ENCRUZILHADA
325	5	ENTRE RIOS
326	5	ERICO CARDOSO
327	5	ESPLANADA
328	5	EUCLIDES DA CUNHA
329	5	EUNAPOLIS
330	5	FATIMA
331	5	FEIRA DA MATA
332	5	FEIRA DE SANTANA
333	5	FILADÉLFIA
334	5	FIRMINO ALVES
335	5	FLORESTA AZUL
336	5	FORMOSA DO RIO PRETO
337	5	GANDU
338	5	GAVIAO
339	5	GENTIO DO OURO
340	5	GLORIA
341	5	GONGOGI
342	5	GOVERNADOR MANGABEIRA
343	5	GUAJERU
344	5	GUANAMBI
345	5	GUARATINGA
346	5	HELIOPOLIS
347	5	IACU
348	5	IBIASSUCE
349	5	IBICARAI
350	5	IBICOARA
351	5	IBICUI
352	5	IBIPEBA
353	5	IBIPITANGA
354	5	IBIQUERA
355	5	IBIRAPITANGA
356	5	IBIRAPUA
357	5	IBIRATAIA
358	5	IBITIARA
359	5	IBITITA
360	5	IBOTIRAMA
361	5	ICHU
362	5	IGAPORA
363	5	IGRAPIUNA
364	5	IGUAI
365	5	ILHEUS
366	5	INHAMBUPE
367	5	IPECAETA
368	5	IPIAU
369	5	IPIRA
370	5	IPUPIARA
371	5	IRAJUBA
372	5	IRAMAIA
373	5	IRAQUARA
374	5	IRARA
375	5	IRECE
376	5	ITABELA
377	5	ITABERABA
378	5	ITABUNA
379	5	ITACARE
380	5	ITAETÉ
381	5	ITAGI
382	5	ITAGIBA
383	5	ITAGIMIRIM
384	5	ITAGUACU DA BAHIA
385	5	ITAJU DA COLONIA
386	5	ITAJUIPE
387	5	ITAMARAJU
388	5	ITAMARI
389	5	ITAMBE
390	5	ITANAGRA
391	5	ITANHE
392	5	ITAPARICA
393	5	ITAPE
394	5	ITAPEBI
395	5	ITAPETINGA
396	5	ITAPICURU
397	5	ITAPITINGA
398	5	ITAQUARA
399	5	ITARANTIM
400	5	ITATIM
401	5	ITIRUCU
402	5	ITIUBA
403	5	ITORORO
404	5	ITUACU
405	5	ITUBERA
406	5	IUIU
407	5	JABORANDI
408	5	JACARACI
409	5	JACOBINA
410	5	JAGUAQUARA
411	5	JAGUARARI
412	5	JAGUARIPE
413	5	JANDAIRA
414	5	JEQUIE
415	5	JEREMOABO
416	5	JIQUIRICA
417	5	JITAUNA
418	5	JOAO DOURADO
419	5	JUAZEIRO
420	5	JUCURUCU
421	5	JUSSARA
422	5	JUSSARI
423	5	JUSSIAPE
424	5	LAFAIETE COUTINHO
425	5	LAGOA REAL
426	5	LAJE
427	5	LAJEDAO
428	5	LAJEDINHO
429	5	LAJEDO DO TABOCAL
430	5	LAMARAO
431	5	LAPAO
432	5	LAURO DE FREITAS
433	5	LENCOIS
434	5	LICINIO DE ALMEIDA
435	5	LIVRAMENTO DE NOSSA SENHORA
436	5	LUIS EDUARDO MAGALHAES
437	5	MACAJUBA
438	5	MACARANI
439	5	MACAUBAS
440	5	MACURURE
441	5	MADRE DE DEUS 
442	5	MAETINGA
443	5	MAIQUINIQUE
444	5	MAIRI
445	5	MALHADA
446	5	MALHADA DAS PEDRAS
447	5	MANOEL VITORINO
448	5	MANSIDAO
449	5	MARACAS
450	5	MARAGOGIBE
451	5	MARAU
452	5	MARCIONILIO SOUZA
453	5	MASCOTE
454	5	MATA DE SAO JOAO
455	5	MATINA
456	5	MEDEIROS NETO
457	5	MIGUEL CALMON
458	5	MILAGRES
459	5	MIRANGABA
460	5	MIRANTE
461	5	MONTE SANTO
462	5	MORPARA
463	5	MORRO DO CHAPEU
464	5	MORTUGABA
465	5	MUCUGE
466	5	MUCURI
467	5	MULUNGU DO MORRO
468	5	MUNDO NOVO
469	5	MUNIZ FERREIRA
470	5	MUQUEM DE SAO FRANCISCO
471	5	MURITIBA
472	5	MUTUIPE
473	5	NAZARE
474	5	NILO PECANHA
475	5	NORDESTINA
476	5	NOVA CANAA
477	5	NOVA FATIMA
478	5	NOVA IBIA
479	5	NOVA ITARANA
480	5	NOVA REDENCAO
481	5	NOVA SOURE
482	5	NOVA VICOSA
483	5	NOVO HORIZONTE
484	5	NOVO TRIUNFO
485	5	OLINDINA
486	5	OLIVEIRA DOS BREJINHOS
487	5	OURICANGAS
488	5	OUROLANDIA
489	5	PALMAS DE MONTE ALTO
490	5	PALMEIRAS
491	5	PARAMIRIM
492	5	PARATINGA
493	5	PARIPIRANGA
494	5	PAU BRASIL
495	5	PAULO AFONSO
496	5	PE DE SERRA
497	5	PEDRO
498	5	PEDRO ALEXANDRE
499	5	PIATA
500	5	PILAO ARCADO
501	5	PINDAI
502	5	PINDOBACU
503	5	PINTADAS
504	5	PIRAI DO NORTE
505	5	PIRIPA
506	5	PIRITIBA
507	5	PLANALTINO
508	5	PLANALTO
509	5	POCOES
510	5	POJUCA
511	5	PONTO NOVO
512	5	PORTO SEGURO
513	5	POTIRAGUA
514	5	PRADO
515	5	PRESIDENTE DUTRA
516	5	PRESIDENTE JANIO QUADROS
517	5	PRESIDENTE TANCREDO NEVES
518	5	QUEIMADAS
519	5	QUIJINGUE
520	5	QUIXABEIRA
521	5	RAFAEL JAMBEIRO
522	5	REMANSO
523	5	RETIROLANDIA
524	5	RIACHAO DAS NEVES
525	5	RIACHAO DO JACUIPE
526	5	RIACHO DE SANTANA
527	5	RIBEIRA DO AMPARO
528	5	RIBEIRA DO POMBAL
529	5	RIBEIRAO DO LARGO
530	5	RIO DE CONTAS
531	5	RIO DO ANTONIO
532	5	RIO DO PIRES
533	5	RIO REAL
534	5	RODELAS
535	5	RUY BARBOSA
536	5	SALINAS DA MARGARIDA
537	5	SALVADOR
538	5	SANTA BARBARA
539	5	SANTA BRIGIDA
540	5	SANTA CRUZ CABRALIA
541	5	SANTA CRUZ DA VITORIA
542	5	SANTA INES
543	5	SANTA LUZIA
544	5	SANTA MARIA DA VITORIA
545	5	SANTA RITA DE CASSIA
546	5	SANTA TERESINHA
547	5	SANTALUZ
548	5	SANTANA
549	5	SANTANOPOLIS
550	5	SANTO AMARO
551	5	SANTO ANTONIO DE JESUS
552	5	SANTO ESTEVAO
553	5	SAO DESIDERIO
554	5	SAO DOMINGOS
555	5	SAO FELIPE
556	5	SAO FELIX
557	5	SAO FELIX DO CORIBE
558	5	SAO FRANCISCO DO CONDE
559	5	SAO GABRIEL
560	5	SAO GONCALO DOS CAMPOS
561	5	SAO JOSE DA VITORIA
562	5	SAO JOSE DO JACUIPE
563	5	SAO MIGUEL DAS MATAS
564	5	SAO SEBASTIAO DO PASSE
565	5	SAPEACU
566	5	SATIRO DIAS
567	5	SAUBARA
568	5	SAUDE
569	5	SEABRA
570	5	SEBASTIAO LARANJEIRAS
571	5	SENHOR DO BONFIM
572	5	SENTO SE
573	5	SERRA DO RAMALHO
574	5	SERRA DOURADA
575	5	SERRA PRETA
576	5	SERRINHA
577	5	SERROLANDIA
578	5	SIMOES FILHO
579	5	SITIO DO MATO
580	5	SITIO DO QUINTO
581	5	SOBRADINHO
582	5	SOUTO SOARES
583	5	TABOUCAS DO BREJO VELHO
584	5	TANHACU
585	5	TANQUE NOVO
586	5	TANQUINHO
587	5	TAPEROA
588	5	TAPIRAMUTA
589	5	TEIXEIRAS DE FREITAS
590	5	TEODORO SAMPAIO
591	5	TEOFILANDIA
592	5	TEOLANDIA
593	5	TERRA NOVA
594	5	TREMEDAL
595	5	TUCANO
596	5	UAUA
597	5	UBAIRA
598	5	UBAITABA
599	5	UBATA
600	5	UIBAI
601	5	UMBURUNAS
602	5	UNA
603	5	URANDI
604	5	URUCUCA
605	5	UTINGA
606	5	VALENCA
607	5	VALENTE
608	5	VARZEA DA ROCA
609	5	VARZEA DO POCO
610	5	VARZEA NOVA
611	5	VARZEDO
612	5	VERA CRUZ
613	5	VEREDA
614	5	VITORIA DA CONQUISTA
615	5	WAGNER
616	5	WANDERLEY
617	5	WENCESLAU GUIMARES
618	5	XIQUE-XIQUE
619	6	ABAIARA
620	6	ACARAPE
621	6	ACARAU
622	6	ACOPIARA
623	6	AIUABA
624	6	ALCANTARAS
625	6	ALTANEIRA
626	6	ALTO SANTO
627	6	AMONTADA
628	6	ANTONINA DO NORTE
629	6	APUIARES
630	6	AQUIRAZ
631	6	ARACATI
632	6	ARACOIABA
633	6	ARARENDA
634	6	ARARIPE
635	6	ARATUBA
636	6	ARNEIROZ
637	6	ASSARE
638	6	AURORA
639	6	BAIXIO
640	6	BANABUIU
641	6	BARBALHA
642	6	BARREIRA
643	6	BARRO
644	6	BARROQUINHA
645	6	BATURITE
646	6	BEBERIBE
647	6	BELA CRUZ
648	6	BOA VIAGEM
649	6	BREJO SANTO
650	6	CAMOCIM
651	6	CAMPOS SALES
652	6	CANINDE
653	6	CAPISTRANO
654	6	CARIDADE
655	6	CARIRE
656	6	CARIRIACU
657	6	CARIUS
658	6	CARNAUBAL
659	6	CASCAVEL
660	6	CATARINA
661	6	CATUNDA
662	6	CAUCAIA
663	6	CEDRO
664	6	CHAVAL
665	6	CHORO
666	6	CHOROZINHO
667	6	COREAU
668	6	CRATEUS
669	6	CRATO
670	6	CROTA
671	6	CRUZ
672	6	DEPUTADO IRAPUAN PINHEIRO
673	6	ERERE
674	6	EUSEBIO
675	6	FARIAS BRITO
676	6	FORQUILHA
677	6	FORTALEZA
678	6	FORTIM
679	6	FRECHEIRINHA
680	6	GENERAL SAMPAIO
681	6	GRACA
682	6	GRANJA
683	6	GRANJEIRO
684	6	GROAIARAS
685	6	GUAIUBA
686	6	GUARACIABA DO NORTE
687	6	GUARAMIRANGA
688	6	HIDROLANDIA
689	6	HORIZONTE
690	6	IBARETAMA
691	6	IBIAPINA
692	6	IBICUITINGA
693	6	ICAPUI
694	6	ICO
695	6	IGUATU
696	6	INDEPENDENCIA
697	6	IPAPORANGA
698	6	IPAPORAMA
699	6	IPU
700	6	IPUEIRAS
701	6	IRACEMA
702	6	IRAUCUBA
703	6	ITAICABA
704	6	ITAITINGA
705	6	ITAPAGE
706	6	ITAPIPOCA
707	6	ITAPIUNA
708	6	ITAREMA
709	6	ITATIRA
710	6	JAGUARETAMA
711	6	JAGUARIBARA
712	6	JAGUARIBE
713	6	JAGUARUANA
714	6	JARDIM
715	6	JATI
716	6	JIJOCA DE JERICOACOARA
717	6	JUAZEIRO DO NORTE
718	6	JUCAS
719	6	LAVRAS DA MANGABEIRA
720	6	LIMOEIRO DO NORTE
721	6	MADALENA
722	6	MARACANAU
723	6	MARANGUAPE
724	6	MARCO
725	6	MARTINOPOLE
726	6	MASSAPE
727	6	MAURITI
728	6	MERUOCA
729	6	MILAGRES
730	6	MILHA
731	6	MIRAIMA
732	6	MISSAO VELHA
733	6	MOMBACA
734	6	MONSENHOR TABOSA
735	6	MORADA NOVA
736	6	MORAUJO
737	6	MORRINHOS
738	6	MUCAMBO
739	6	MULUNGU
740	6	NOVA OLINDA
741	6	NOVA RUSSAS
742	6	NOVO ORIENTE
743	6	OCARA
744	6	OROS
745	6	PACAJUS
746	6	PACATUBA
747	6	PACOTI
748	6	PACUJA
749	6	PALHANO
750	6	PALMACIA
751	6	PARACURU
752	6	PARAIPABA
753	6	PARAMBU
754	6	PARAMOTI
755	6	PEDRA BRANCA
756	6	PENAFORTE
757	6	PENTECOSTE
758	6	PEREIRO
759	6	PINDORETAMA
760	6	PIQUET CARNEIRO
761	6	PIRES FERREIRA
762	6	PORANGA
763	6	PORTEIRAS
764	6	POTENGI
765	6	POTIRETAMA
766	6	QUITERIANOPOLIS
767	6	QUIXADA
768	6	QUIXELO
769	6	QUIXERAMOBIM
770	6	QUIXERE
771	6	REDENCAO
772	6	RERIUTUBA
773	6	RUSSAS
774	6	SABOEIRO
775	6	SALITRE
776	6	SANTA QUITERIA
777	6	SANTAMA DO ACARAU
778	6	SANTANA DP CARIRI
779	6	SAO BENEDITO
780	6	SAO GONÇALO DO AMARANTE
781	6	SAO JOAO DO JAGUARIBE
782	6	SAO LUIS DO CURU
783	6	SENADOR POMPEU
784	6	SENADOR SA
785	6	SOBRAL
786	6	SOLONOPOLE
787	6	TABULEIRO DO NORTE
788	6	TAMBORIL
789	6	TARRAFAS
790	6	TAUA
791	6	TEJUCUOCA
792	6	TIANGUA
793	6	TRAIRI
794	6	TURURU
795	6	UBAJARA
796	6	UMARI
797	6	UMIRIM
798	6	URUBURETAMA
799	6	URUOCA
800	6	VARJOTA
801	6	VARZEA ALEGRE
802	6	VICOSA DO CEARA
803	7	BRASILIA
804	8	AFONSO CLAUDIO
805	8	AGUA DOCE DO NORTE
806	8	AGUIA BANCA
807	8	ALEGRE
808	8	ALFREDO CHAVES
809	8	ALTIO RIO NOVO
810	8	ANCHIETA
811	8	APIACA
812	8	ARACRUZ
813	8	ATILIO VIVACQUA
814	8	BAIXO GUANDU
815	8	BARRA DE SAO FRANCISCO
816	8	BOA ESPERANCA
817	8	BOM JESUS DO NORTE
818	8	BREJETUBA
819	8	CACHOEIRO DE ITAPEMIRIM
820	8	CARIACICA
821	8	CASTELO
822	8	COLATINA
823	8	CONCEICAO DA BARRA
824	8	CONCEICAO DO CASTELO
825	8	DIVINO DE SAO LOURENCO
826	8	DOMINGOS MARTINS
827	8	DORES DO RIO PRETO
828	8	ECOPORANGA
829	8	FUNDAO
830	8	GOVERNADOR LINDENBERG
831	8	GUACUI
832	8	GUARAPARI
833	8	IBATIBA
834	8	IBIRACU
835	8	IBITIRAMA
836	8	ICONHA
837	8	IRUPI
838	8	IRUPI
839	8	ITAGUACU
840	8	ITAPEMIRIM
841	8	ITARANA
842	8	IUNA
843	8	JAGUARE
844	8	JERONIMO MONTEIRO
845	8	JOAO NEIVA
846	8	LARANJA DA TERRA
847	8	LINHARES
848	8	MANTENOPOLIS
849	8	MARATAIZES
850	8	MARECHAL FLORIANO
851	8	MARILANDIA
852	8	MIMOSO DO SUL
853	8	MONTANHA
854	8	MUCURICI
855	8	MUNIZ FREIRE
856	8	MUQUI
857	8	NOVA VENECIA
858	8	PANCAS
859	8	PEDRO CANARIO
860	8	PINHEIROS
861	8	PIUMA
862	8	PONTO BELO
863	8	PRESIDENTE KENNEDY
864	8	RIO BANANAL
865	8	RIO NOVO DO SUL
866	8	SANTA LEOPOLDINA
867	8	SANTA MARIA DE JETIBA
868	8	SANTA TERESA
869	8	SAO DOMINGOS DO NORTE
870	8	SAO GABRIEL DA PALHA
871	8	SAO JOSE DO CALCADO
872	8	SAO MATEUS
873	8	SAO ROQUE DO CANAA
874	8	SERRA
875	8	SOORETAMA
876	8	VARGEM ALTA
877	8	VENDA NOVA DO IMIGRANTE
878	8	VIANA
879	8	VILA PAVAO
880	8	VILA VALERIO
881	8	VILA VELHA
882	8	VITORIA
883	9	ABADIA DE GOIAS
884	9	ABADIANIA
885	9	ACREUNA
886	9	ADELANDIA
887	9	AGUA FRIA DE GOIAS
888	9	AGUA LIMPA
889	9	AGUAS LINDAS DE GOIAS
890	9	ALEXANIA
891	9	ALOANDIA
892	9	ALTO HORIZONTE
893	9	ALTO PARASO DE GOIAS
894	9	ALVORADA DO NORTE
895	9	AMARALINA
896	9	AMERICANO DO BRASIL
897	9	AMORINOPOLIS
898	9	ANAPOLIS
899	9	ANHANGUERA
900	9	ANICUNS
901	9	APARECIDA DE GOIANIA
902	9	APARECIDA DO RIO DOCE
903	9	APORE
904	9	ARACU
905	9	ARAGARCAS
906	9	ARAGOIANIA
907	9	ARAGUAPAZ
908	9	ARENOPOLIS
909	9	ARUANA
910	9	AURILANDIA
911	9	AVELINOPOLIS
912	9	BALIZA
913	9	BARRO ALTO
914	9	BELA VISTA DE GOIAS
915	9	BOM JARDIM DE GOIAS
916	9	BOM JESUS DE GOIAS
917	9	BONFINOPOLIS
918	9	BONOPOLIS
919	9	BRAZABRANTES
920	9	BRITANIA
921	9	BURITI ALEGRE
922	9	BURITI DE GOIAS
923	9	BURITINOPOLIS
924	9	CABECEIRAS
925	9	CACHOEIRA ALTA
926	9	CACHOEIRA DE GOIAS
927	9	CACHOEIRA DOURADA
928	9	CACU
929	9	CAIAPONIA
930	9	CALDAS NOVAS
931	9	CALDAZINHA
932	9	CAMPESTRE DE GOIAS
933	9	CAMPINACU
934	9	CAMPINORTE
935	9	CAMPO ALEGRE DE GOIAS
936	9	CAMPO LIMPO DE GOIAS
937	9	CAMPOS BELOS
938	9	CAMPOS VERDES
939	9	CARMO DO RIO VERDE
940	9	CASTELANDIA
941	9	CATALAO
942	9	CATURAI
943	9	CAVALCANTE
944	9	CERES
945	9	CEZARINA
946	9	CHAPADAO DO CEU
947	9	CIDADE OCIDENTAL
948	9	COCALZINHO DE GOIAS
949	9	COLINAS DO SUL
950	9	CORREGO DO OURO
951	9	CORUMBA DE GOIAS
952	9	CORUMBAIBA
953	9	CRISTALINA
954	9	CRISTIANOPOLIS
955	9	CRIXAS
956	9	CROMINIA
957	9	CUMARI
958	9	DAMIANOPOLIS
959	9	DAMOLANDIA
960	9	DAVINOPOLIS
961	9	DIORAMA
962	9	DIVINOPOLIS DE GOIAS
963	9	DOVERLANDIA
964	9	EDEALINA
965	9	EDEIA
966	9	ESTRELA DO NORTE
967	9	FAINA
968	9	FAZENDA NOVA
969	9	FIRMINOPOLIS
970	9	FLORES DE GOIAS
971	9	FORMOSA
972	9	FORMOSO
973	9	GAMELEIRA DE GOIAS
974	9	GOIANAPOLIS
975	9	GOIANDIRA
976	9	GOIANESIA
977	9	GOIANIA
978	9	GOIANIRA
979	9	GOIAS
980	9	GOIATUBA
981	9	GOUVELANDIA
982	9	GUAPO
983	9	GUARAITA
984	9	GUARANI DE GOIAS
985	9	GUARINOS
986	9	HEITORAI
987	9	HIDROLANDIA
988	9	HIDROLINA
989	9	IACIARA
990	9	INACIOLANDIA
991	9	INDIARA
992	9	INHUMAS
993	9	IPAMERI
994	9	IPIRANGA DE GOIAS
995	9	IPORA
996	9	ISRAELANDIA
997	9	ITABERAI
998	9	ITAGUARI
999	9	ITAGUARU
1000	9	ITAJA
1001	9	ITAPACI
1002	9	ITAPIRAPUA
1003	9	ITAPURANGA
1004	9	ITARUMA
1005	9	ITAUCU
1006	9	ITUMBIARA
1007	9	IVOLANDIA
1008	9	JANDAIA
1009	9	JARAGUA
1010	9	JATAI
1011	9	JAUPACI
1012	9	JESUPOLIS
1013	9	JOVIANIA
1014	9	JUSSARA
1015	9	LAGOA SANTA
1016	9	LEOPOLDO DE BULHOES
1017	9	LUZIANIA
1018	9	MAIRIPOTABA
1019	9	MAMBAI
1020	9	MARA ROSA
1021	9	MARZAGAO
1022	9	MATRINCHA
1023	9	MAURILANDIA
1024	9	MIMOSO DE GOIAS
1025	9	MINACU
1026	9	MINEIROS
1027	9	MOIPORA
1028	9	MONTE ALEGRE DE GOIAS
1029	9	MONTES CLAROS DE GOIAS
1030	9	MONTIVIDIU
1031	9	MONTIVIDIU DO NORTE
1032	9	MORRINHOS
1033	9	MORRO AGUDO DE GOIAS
1034	9	MOSSAMEDES
1035	9	MOZARLANDIA
1036	9	MUNDO NOVO
1037	9	MUTUNOPOLIS
1038	9	NAZARIO
1039	9	NEROPOLIS
1040	9	NIQUELANDIA
1041	9	NOVA AMERICA
1042	9	NOVA AURORA
1043	9	NOVA CRIXAS
1044	9	NOVA GLORIA
1045	9	NOVA IGUACU DE GOIAS
1046	9	NOVA ROMA
1047	9	NOVA VENEZA
1048	9	NOVO BRASIL
1049	9	NOVO GAMA
1050	9	NOVO PLANALTO
1051	9	ORIZONA
1052	9	OURO VERDE DE GOIAS
1053	9	OUVIDOR
1054	9	PADRE BERNARDO
1055	9	PALESTINA DE GOIAS
1056	9	PALMEIRAS DE GOIAS
1057	9	PALMELO
1058	9	PALMINOPOLIS
1059	9	PANAMA
1060	9	PARANAIGUARA
1061	9	PARAUNA
1062	9	PEROLANDIA
1063	9	PETROLINA DE GOIAS
1064	9	PILAR DE GOIAS
1065	9	PIRACANJUBA
1066	9	PIRANHAS
1067	9	PIRENOPOLIS
1068	9	PIRES DO RIO
1069	9	PLANALTINA
1070	9	PONTALINA
1071	9	PORANGATU
1072	9	PORTEIRAO
1073	9	PORTELANDIA
1074	9	POSSE
1075	9	PROFESSOR JAMIL
1076	9	QUIRINOPOLIS
1077	9	RIALMA
1078	9	RIANAPOLIS
1079	9	RIO QUENTE
1080	9	RIO VERDE
1081	9	RUBIATABA
1082	9	SANCLERLANDIA
1083	9	SANTA BARBARA DE GOIAS
1084	9	SANTA CRUZ DE GOIAS
1085	9	SANTA FE DE GOIAS
1086	9	SANTA HELENA DE GOIAS
1087	9	SANTA ISABEL
1088	9	SANTA RITA DO ARAGUAIA
1089	9	SANTA RITA DO NOVO DESTINO
1090	9	SANTA ROSA DE GOIAS
1091	9	SANTA TEREZA DE GOIAS
1092	9	SANTA TEREZINHA DE GOIAS
1093	9	SANTO ANTÔNIO DA BARRA
1094	9	SANTO ANTONIO DE GOIAS
1095	9	SANTO ANTONIO DO DESCOBERTO
1096	9	SAO DOMINGOS
1097	9	SAO FRANCISCO DE GOIAS
1098	9	SAO JOAO DA PARAUNA
1099	9	SAO JOAO DALIANCA
1100	9	SAO LUIS DE MONTES BELOS
1101	9	SAO LUIZ DO NORTE
1102	9	SAO MIGUEL DO ARAGUAIA
1103	9	SAO MIGUEL DO PASSA QUATRO
1104	9	SAO PATRÍCIO
1105	9	SAO SIMAO
1106	9	SENADOR CANEDO
1107	9	SERRANOPOLIS
1108	9	SILVANIA
1109	9	SIMOLANDIA
1110	9	SITIO DABADIA
1111	9	TAQUARAL DE GOIAS
1112	9	TERESINA DE GOIAS
1113	9	TEREZOPOLIS DE GOIAS
1114	9	TRES RANCHOS
1115	9	TRINDADE
1116	9	TROMBAS
1117	9	TURVANIA
1118	9	TURVELANDIA
1119	9	UIRAPURU
1120	9	URUACU
1121	9	URUANA
1122	9	URUTAI
1123	9	VALPARAISO DE GOIAS
1124	9	VARJAO
1125	9	VIANOPOLIS
1126	9	VICENTINOPOLIS
1127	9	VILA BOA
1128	9	VILA PROPICIO
1129	10	ACAILANDIA
1130	10	AFONSO CUNHA
1131	10	AGUA DOCE DO MARANHAO
1132	10	ALCANTARA
1133	10	ALDEIAS ALTAS
1134	10	ALTAMIRA DO MARANHAO
1135	10	ALTO ALEGRE DO MARANHAO
1136	10	ALTO ALEGRE DO PINDARE
1137	10	ALTO PARNAIBA
1138	10	AMAPA DO MARANHAO
1139	10	AMARANTE DO MARANHAO
1140	10	ANAJATUBA
1141	10	ANAPURUS
1142	10	APICUM-ACU
1143	10	ARAGUANA
1144	10	ARAIOSES
1145	10	ARAME
1146	10	ARARI
1147	10	AXIXA
1148	10	BACABAL
1149	10	BACABEIRA
1150	10	BACURI
1151	10	BACURITUBA
1152	10	BALSAS
1153	10	BARAO DE GRAJAU
1154	10	BARRA DO CORDA
1155	10	BARREIRINHAS
1156	10	BELA VISTA DO MARANHÃO
1157	10	BELAGUA
1158	10	BENEDITO LEITE
1159	10	BEQUIMAO
1160	10	BERNARDO DO MEARIM
1161	10	BOA VISTA DO GURUPI
1162	10	BOM JARDIM
1163	10	BOM JESUS DAS SELVAS
1164	10	BOM LUGAR
1165	10	BREJO
1166	10	BREJO DE AREIA
1167	10	BURITI
1168	10	BURITI BRAVO
1169	10	BURITICUPU
1170	10	BURITIRANA
1171	10	CACHOEIRA GRANDE
1172	10	CAJAPIO
1173	10	CAJARI
1174	10	CAMPESTRE DO MARANHAO
1175	10	CANDIDO MENDES
1176	10	CANTANHEDE
1177	10	CAPINZAL DO NORTE
1178	10	CAROLINA
1179	10	CARUTAPERA
1180	10	CAXIAS
1181	10	CEDRAL
1182	10	CENTRAL DO MARANHAO
1183	10	CENTRO DO GUILHERME
1184	10	CENTRO NOVO DO MARANHAO
1185	10	CHAPADINHA
1186	10	CIDELANDIA
1187	10	CODO
1188	10	COELHO NETO
1189	10	COLINAS
1190	10	CONCEICAO DO LAGO-ACU
1191	10	COROATA
1192	10	CURURUPU
1193	10	DAVINOPOLIS
1194	10	DOM PEDRO
1195	10	DUQUE BACELAR
1196	10	ESPERANTINOPOLIS
1197	10	ESTREITO
1198	10	FEIRA NOVA DO MARANHAO
1199	10	FERNANDO FALCAO
1200	10	FORMOSA DA SERRA NEGRA
1201	10	FORTALEZA DOS NOGUEIRAS
1202	10	FORTUNA
1203	10	GODOFREDO VIANA
1204	10	GONCALVES DIAS
1205	10	GOVERNADOR ARCHER
1206	10	GOVERNADOR EDISON LOBAO
1207	10	GOVERNADOR EUGENIO BARROS
1208	10	GOVERNADOR LUIZ ROCHA
1209	10	GOVERNADOR NEWTON BELLO
1210	10	GOVERNADOR NUNES FREIRE
1211	10	GRACA ARANHA
1212	10	GRAJAU
1213	10	GUIMARAES
1214	10	HUMBERTO DE CAMPOS
1215	10	ICATU
1216	10	IGARAPE DO MEIO
1217	10	IGARAPE GRANDE
1218	10	IMPERATRIZ
1219	10	ITAIPAVA DO GRAJAU
1220	10	ITAPECURU MIRIM
1221	10	ITINGA DO MARANHAO
1222	10	JATOBA
1223	10	JENIPAPO DOS VIEIRAS
1224	10	JOAO LISBOA
1225	10	JOSELANDIA
1226	10	JUNCO DO MARANHAO
1227	10	LAGO DA PEDRA
1228	10	LAGO DO JUNCO
1229	10	LAGO DOS RODRIGUES
1230	10	LAGO VERDE
1231	10	LAGOA DO MATO
1232	10	LAGOA GRANDE DO MARANHAO
1233	10	LAJEADO NOVO
1234	10	LIMA CAMPOS
1235	10	LORETO
1236	10	LUIS DOMINGUES
1237	10	MAGALHAES DE ALMEIDA
1238	10	MARACACUME
1239	10	MARAJA DO SENA
1240	10	MARANHAOZINHO
1241	10	MATA ROMA
1242	10	MATINHA
1243	10	MATOES
1244	10	MATOES DO NORTE
1245	10	MILAGRES DO MARANHAO
1246	10	MIRADOR
1247	10	MIRANDA DO NORTE
1248	10	MIRINZAL
1249	10	MONCAO
1250	10	MONTES ALTOS
1251	10	MORROS
1252	10	NINA RODRIGUES
1253	10	NOVA COLINAS
1254	10	NOVA IORQUE
1255	10	NOVA OLINDA DO MARANHAO
1256	10	OLHO DAGUA DAS CUNHAS
1257	10	OLINDA NOVA DO MARANHAO
1258	10	PACO DO LUMIAR
1259	10	PALMEIRANDIA
1260	10	PARAIBANO
1261	10	PARNARAMA
1262	10	PASSAGEM FRANCA
1263	10	PASTOS BONS
1264	10	PAULINO NEVES
1265	10	PAULO RAMOS
1266	10	PEDREIRAS
1267	10	PEDRO DO ROSARIO
1268	10	PENALVA
1269	10	PERI MIRIM
1270	10	PERITORO
1271	10	PINDARE-MIRIM
1272	10	PINHEIRO
1273	10	PIO XII
1274	10	PIRAPEMAS
1275	10	POCAO DE PEDRAS
1276	10	PORTO FRANCO
1277	10	PORTO RICO DO MARANHAO
1278	10	PRESIDENTE DUTRA
1279	10	PRESIDENTE JUSCELINO
1280	10	PRESIDENTE MEDICI
1281	10	PRESIDENTE SARNEY
1282	10	PRESIDENTE VARGAS
1283	10	PRIMEIRA CRUZ
1284	10	RAPOSA
1285	10	RIACHÃO
1286	10	RIBAMAR FIQUENE
1287	10	ROSARIO
1288	10	SAMBAIBA
1289	10	SANTA FILOMENA DO MARANHAO
1290	10	SANTA HELENA
1291	10	SANTA INES
1292	10	SANTA LUZIA
1293	10	SANTA LUZIA DO PARUA
1294	10	SANTA QUITERIA DO MARANHAO
1295	10	SANTA RITA
1296	10	SANTANA DO MARANHAO
1297	10	SANTO AMARO DO MARANHAO
1298	10	SANTO ANTONIO DOS LOPES
1299	10	SAO BENEDITO DO RIO PRETO
1300	10	SAO BENTO
1301	10	SAO BERNARDO
1302	10	SAO DOMINGOS DO AZEITAO
1303	10	SAO DOMINGOS DO MARANHAO
1304	10	SAO FELIX DE BALSAS
1305	10	SAO FRANCISCO DO BREJAO
1306	10	SAO FRANCISCO DO MARANHAO
1307	10	SAO JOAO BATISTA
1308	10	SAO JOAO DO CARU
1309	10	SAO JOAO DO PARAISO
1310	10	SAO JOAO DO SOTER
1311	10	SAO JOAO DOS PATOS
1312	10	SAO JOSE DE RIBAMAR
1313	10	SAO JOSE DOS BASILIOS
1314	10	SAO LUIS
1315	10	SAO LUIS GONZAGA DO MARANHAO
1316	10	SAO MATEUS DO MARANHAO
1317	10	SAO PEDRO DA AGUA BRANCA
1318	10	SAO PEDRO DOS CRENTES
1319	10	SAO RAIMUNDO DAS MANGABEIRAS
1320	10	SAO RAIMUNDO DO DOCA BEZERRA
1321	10	SAO ROBERTO
1322	10	SAO VICENTE FERRER
1323	10	SATUBINHA
1324	10	SENADOR ALEXANDRE COSTA
1325	10	SENADOR LA ROCQUE
1326	10	SERRANO DO MARANHAO
1327	10	SITIO NOVO
1328	10	SUCUPIRA DO NORTE
1329	10	SUCUPIRA DO RIACHAO
1330	10	TASSO FRAGOSO
1331	10	TIMBIRAS
1332	10	TIMON
1333	10	TRIZIDELA DO VALE
1334	10	TUFILANDIA
1335	10	TUNTUM
1336	10	TURIACU
1337	10	TURILANDIA
1338	10	TUTOIA
1339	10	URBANO SANTOS
1340	10	VARGEM GRANDE
1341	10	VIANA
1342	10	VILA NOVA DOS MARTIRIOS
1343	10	VITORIA DO MEARIM
1344	10	VITORINO FREIRE
1345	10	ZE DOCA
1346	11	ABADIA DOS DOURADOS
1347	11	ABAETE
1348	11	ABRE CAMPO
1349	11	ACAIACA
1350	11	ACUCENA
1351	11	AGUA BOA
1352	11	AGUA COMPRIDA
1353	11	AGUANIL
1354	11	AGUAS FORMOSAS
1355	11	AGUAS VERMELHAS
1356	11	AIMORES
1357	11	AIURUOCA
1358	11	ALAGOA
1359	11	ALBERTINA
1360	11	ALEM PARAIBA
1361	11	ALFENAS
1362	11	ALFREDO VASCONCELOS
1363	11	ALMENARA
1364	11	ALPERCATA
1365	11	ALPINOPOLIS
1366	11	ALTEROSA
1367	11	ALTO CAPARAO
1368	11	ALTO JEQUITIBA
1369	11	ALTO RIO DOCE
1370	11	ALVARENGA
1371	11	ALVINOPOLIS
1372	11	ALVORADA DE MINAS
1373	11	AMPARO DO SERRA
1374	11	ANDRADAS
1375	11	ANDRELANDIA
1376	11	ANGELANDIA
1377	11	ANTONIO CARLOS
1378	11	ANTONIO DIAS
1379	11	ANTONIO PRADO DE MINAS
1380	11	ARAÇAI
1381	11	ARACITABA
1382	11	ARACUAI
1383	11	ARAGUARI
1384	11	ARANTINA
1385	11	ARAPONGA
1386	11	ARAPORA
1387	11	ARAPUA
1388	11	ARAUJOS
1389	11	ARAXA
1390	11	ARCEBURGO
1391	11	ARCOS
1392	11	AREADO
1393	11	ARGIRITA
1394	11	ARICANDUVA
1395	11	ARINOS
1396	11	ASTOLFO DUTRA
1397	11	ATALEIA
1398	11	AUGUSTO DE LIMA
1399	11	BAEPENDI
1400	11	BALDIM
1401	11	BAMBUI
1402	11	BANDEIRA
1403	11	BANDEIRA DO SUL
1404	11	BARAO DE COCAIS
1405	11	BARAO DE MONTE ALTO
1406	11	BARBACENA
1407	11	BARRA LONGA
1408	11	BARROSO
1409	11	BELA VISTA DE MINAS
1410	11	BELMIRO BRAGA
1411	11	BELO HORIZONTE
1412	11	BELO ORIENTE
1413	11	BELO VALE
1414	11	BERILO
1415	11	BERIZAL
1416	11	BERTOPOLIS
1417	11	BETIM
1418	11	BIAS FORTES
1419	11	BICAS
1420	11	BIQUINHAS
1421	11	BOA ESPERANCA
1422	11	BOCAINA DE MINAS
1423	11	BOCAIUVA
1424	11	BOM DESPACHO
1425	11	BOM JARDIM DE MINAS
1426	11	BOM JESUS DA PENHA
1427	11	BOM JESUS DO AMPARO
1428	11	BOM JESUS DO GALHO
1429	11	BOM REPOUSO
1430	11	BOM SUCESSO
1431	11	BONFIM
1432	11	BONFINOPOLIS DE MINAS
1433	11	BONITO DE MINAS
1434	11	BORDA DA MATA
1435	11	BOTELHOS
1436	11	BOTUMIRIM
1437	11	BRAS PIRES
1438	11	BRASILANDIA DE MINAS
1439	11	BRASILIA DE MINAS
1440	11	BRAUNAS
1441	11	BRAZOPOLIS
1442	11	BRUMADINHO
1443	11	BUENO BRANDAO
1444	11	BUENOPOLIS
1445	11	BUGRE
1446	11	BURITIS
1447	11	BURITIZEIRO
1448	11	CABECEIRA GRANDE
1449	11	CABO VERDE
1450	11	CACHOEIRA DA PRATA
1451	11	CACHOEIRA DE MINAS
1452	11	CACHOEIRA DE PAJEU
1453	11	CACHOEIRA DOURADA
1454	11	CAETANOPOLIS
1455	11	CAETE
1456	11	CAIANA
1457	11	CAJURI
1458	11	CALDAS
1459	11	CAMACHO
1460	11	CAMANDUCAIA
1461	11	CAMBUI
1462	11	CAMBUQUIRA
1463	11	CAMPANARIO
1464	11	CAMPANHA
1465	11	CAMPESTRE
1466	11	CAMPINA VERDE
1467	11	CAMPO AZUL
1468	11	CAMPO BELO
1469	11	CAMPO DO MEIO
1470	11	CAMPO FLORIDO
1471	11	CAMPOS ALTOS
1472	11	CAMPOS GERAIS
1473	11	CANA VERDE
1474	11	CANAA
1475	11	CANAPOLIS
1476	11	CANDEIAS
1477	11	CANTAGALO
1478	11	CAPARAO
1479	11	CAPELA NOVA
1480	11	CAPELINHA
1481	11	CAPETINGA
1482	11	CAPIM BRANCO
1483	11	CAPINOPOLIS
1484	11	CAPITAO ANDRADE
1485	11	CAPITAO ENEAS
1486	11	CAPITOLIO
1487	11	CAPUTIRA
1488	11	CARAI
1489	11	CARANAIBA
1490	11	CARANDAI
1491	11	CARANGOLA
1492	11	CARATINGA
1493	11	CARBONITA
1494	11	CAREACU
1495	11	CARLOS CHAGAS
1496	11	CARMESIA
1497	11	CARMO DA CACHOEIRA
1498	11	CARMO DA MATA
1499	11	CARMO DE MINAS
1500	11	CARMO DO CAJURU
1501	11	CARMO DO PARANAIBA
1502	11	CARMO DO RIO CLARO
1503	11	CARMOPOLIS DE MINAS
1504	11	CARNEIRINHO
1505	11	CARRANCAS
1506	11	CARVALHOPOLIS
1507	11	CARVALHOS
1508	11	CASA GRANDE
1509	11	CASCALHO RICO
1510	11	CASSIA
1511	11	CATAGUASES
1512	11	CATAS ALTAS
1513	11	CATAS ALTAS DA NORUEGA
1514	11	CATUJI
1515	11	CATUTI
1516	11	CAXAMBU
1517	11	CEDRO DO ABAETE
1518	11	CENTRAL DE MINAS
1519	11	CENTRALINA
1520	11	CHACARA
1521	11	CHALE
1522	11	CHAPADA DO NORTE
1523	11	CHAPADA GAUCHA
1524	11	CHIADOR
1525	11	CIPOTANEA
1526	11	CLARAVAL
1527	11	CLARO DOS POCOES
1528	11	CLAUDIO
1529	11	COIMBRA
1530	11	COLUNA
1531	11	COMENDADOR GOMES
1532	11	COMERCINHO
1533	11	CONCEICAO DA APARECIDA
1534	11	CONCEICAO DA BARRA DE MINAS
1535	11	CONCEICAO DAS ALAGOAS
1536	11	CONCEICAO DAS PEDRAS
1537	11	CONCEICAO DE IPANEMA
1538	11	CONCEICAO DO MATO DENTRO
1539	11	CONCEICAO DO PARA
1540	11	CONCEICAO DO RIO VERDE
1541	11	CONCEICAO DOS OUROS
1542	11	CONEGO MARINHO
1543	11	CONFINS
1544	11	CONGONHAL
1545	11	CONGONHAS
1546	11	CONGONHAS DO NORTE
1547	11	CONQUISTA
1548	11	CONSELHEIRO LAFAIETE
1549	11	CONSELHEIRO PENA
1550	11	CONSOLACAO
1551	11	CONTAGEM
1552	11	COQUEIRAL
1553	11	CORACAO DE JESUS
1554	11	CORDISBURGO
1555	11	CORDISLANDIA
1556	11	CORINTO
1557	11	COROACI
1558	11	COROMANDEL
1559	11	CORONEL FABRICIANO
1560	11	CORONEL MURTA
1561	11	CORONEL PACHECO
1562	11	CORONEL XAVIER CHAVES
1563	11	CORREGO DANTA
1564	11	CORREGO DO BOM JESUS
1565	11	CORREGO FUNDO
1566	11	CORREGO NOVO
1567	11	COUTO DE MAGALHAES DE MINAS
1568	11	CRISOLITA
1569	11	CRISTAIS
1570	11	CRISTALIA
1571	11	CRISTIANO OTONI
1572	11	CRISTINA
1573	11	CRUCILANDIA
1574	11	CRUZEIRO DA FORTALEZA
1575	11	CRUZILIA
1576	11	CUPARAQUE
1577	11	CURRAL DE DENTRO
1578	11	CURVELO
1579	11	DATAS
1580	11	DELFIM MOREIRA
1581	11	DELFINOPOLIS
1582	11	DELTA
1583	11	DESCOBERTO
1584	11	DESTERRO DE ENTRE RIOS
1585	11	DESTERRO DO MELO
1586	11	DIAMANTINA
1587	11	DIOGO DE VASCONCELOS
1588	11	DIONISIO
1589	11	DIVINESIA
1590	11	DIVINO
1591	11	DIVINO DAS LARANJEIRAS
1592	11	DIVINOLANDIA DE MINAS
1593	11	DIVINOPOLIS
1594	11	DIVISA ALEGRE
1595	11	DIVISA NOVA
1596	11	DIVISOPOLIS
1597	11	DOM BOSCO
1598	11	DOM CAVATI
1599	11	DOM JOAQUIM
1600	11	DOM SILVERIO
1601	11	DOM VICOSO
1602	11	DONA EUSEBIA
1603	11	DORES DE CAMPOS
1604	11	DORES DE GUANHAES
1605	11	DORES DO INDAIA
1606	11	DORES DO TURVO
1607	11	DORESOPOLIS
1608	11	DOURADOQUARA
1609	11	DURANDE
1610	11	ELOI MENDES
1611	11	ENGENHEIRO CALDAS
1612	11	ENGENHEIRO NAVARRO
1613	11	ENTRE FOLHAS
1614	11	ENTRE RIOS DE MINAS
1615	11	ERVALIA
1616	11	ESMERALDAS
1617	11	ESPERA FELIZ
1618	11	ESPINOSA
1619	11	ESPIRITO SANTO DO DOURADO
1620	11	ESTIVA
1621	11	ESTRELA DALVA
1622	11	ESTRELA DO INDAIA
1623	11	ESTRELA DO SUL
1624	11	EUGENOPOLIS
1625	11	EWBANK DA CAMARA
1626	11	EXTREMA
1627	11	FAMA
1628	11	FARIA LEMOS
1629	11	FELICIO DOS SANTOS
1630	11	FELISBURGO
1631	11	FELIXLANDIA
1632	11	FERNANDES TOURINHO
1633	11	FERROS
1634	11	FERVEDOURO
1635	11	FLORESTAL
1636	11	FORMIGA
1637	11	FORMOSO
1638	11	FORTALEZA DE MINAS
1639	11	FORTUNA DE MINAS
1640	11	FRANCISCO BADARO
1641	11	FRANCISCO DUMONT
1642	11	FRANCISCO SA
1643	11	FRANCISCOPOLIS
1644	11	FREI GASPAR
1645	11	FREI INOCENCIO
1646	11	FREI LAGONEGRO
1647	11	FRONTEIRA
1648	11	FRONTEIRA DOS VALES
1649	11	FRUTA DE LEITE
1650	11	FRUTAL
1651	11	FUNILANDIA
1652	11	GALILEIA
1653	11	GAMELEIRAS
1654	11	GLAUCILANDIA
1655	11	GOIABEIRA
1656	11	GOIANA
1657	11	GONCALVES
1658	11	GONZAGA
1659	11	GOUVEIA
1660	11	GOVERNADOR VALADARES
1661	11	GRAO MOGOL
1662	11	GRUPIARA
1663	11	GUANHAES
1664	11	GUAPE
1665	11	GUARACIABA
1666	11	GUARACIAMA
1667	11	GUARANESIA
1668	11	GUARANI
1669	11	GUARARA
1670	11	GUARDA-MOR
1671	11	GUAXUPE
1672	11	GUIDOVAL
1673	11	GUIMARANIA
1674	11	GUIRICEMA
1675	11	GURINHATA
1676	11	HELIODORA
1677	11	IAPU
1678	11	IBERTIOGA
1679	11	IBIA
1680	11	IBIAI
1681	11	IBIRACATU
1682	11	IBIRACI
1683	11	IBIRITE
1684	11	IBITIURA DE MINAS
1685	11	IBITURUNA
1686	11	ICARAI DE MINAS
1687	11	IGARAPE
1688	11	IGARATINGA
1689	11	IGUATAMA
1690	11	IJACI
1691	11	ILICINEA
1692	11	IMBE DE MINAS
1693	11	INCONFIDENTES
1694	11	INDAIABIRA
1695	11	INDIANOPOLIS
1696	11	INGAI
1697	11	INHAPIM
1698	11	INHAUMA
1699	11	INIMUTABA
1700	11	IPABA
1701	11	IPANEMA
1702	11	IPATINGA
1703	11	IPIACU
1704	11	IPUIUNA
1705	11	IRAI DE MINAS
1706	11	ITABIRA
1707	11	ITABIRINHA
1708	11	ITABIRITO
1709	11	ITACAMBIRA
1710	11	ITACARAMBI
1711	11	ITAGUARA
1712	11	ITAIPE
1713	11	ITAJUBA
1714	11	ITAMARANDIBA
1715	11	ITAMARATI DE MINAS
1716	11	ITAMBACURI
1717	11	ITAMBE DO MATO DENTRO
1718	11	ITAMOGI
1719	11	ITAMONTE
1720	11	ITANHANDU
1721	11	ITANHOMI
1722	11	ITAOBIM
1723	11	ITAPAGIPE
1724	11	ITAPECERICA
1725	11	ITAPEVA
1726	11	ITATIAIUCU
1727	11	ITAU DE MINAS
1728	11	ITAUNA
1729	11	ITAVERAVA
1730	11	ITINGA
1731	11	ITUETA
1732	11	ITUIUTABA
1733	11	ITUMIRIM
1734	11	ITURAMA
1735	11	ITUTINGA
1736	11	JABOTICATUBAS
1737	11	JACINTO
1738	11	JACUI
1739	11	JACUTINGA
1740	11	JAGUARACU
1741	11	JAIBA
1742	11	JAMPRUCA
1743	11	JANAUBA
1744	11	JANUARIA
1745	11	JAPARAIBA
1746	11	JAPONVAR
1747	11	JECEABA
1748	11	JENIPAPO DE MINAS
1749	11	JEQUERI
1750	11	JEQUITAI
1751	11	JEQUITIBA
1752	11	JEQUITINHONHA
1753	11	JESUANIA
1754	11	JOAIMA
1755	11	JOANESIA
1756	11	JOAO MONLEVADE
1757	11	JOAO PINHEIRO
1758	11	JOAQUIM FELICIO
1759	11	JORDANIA
1760	11	JOSE GONCALVES DE MINAS
1761	11	JOSE RAYDAN
1762	11	JOSENOPOLIS
1763	11	JUATUBA
1764	11	JUIZ DE FORA
1765	11	JURAMENTO
1766	11	JURUAIA
1767	11	JUVENILIA
1768	11	LADAINHA
1769	11	LAGAMAR
1770	11	LAGOA DA PRATA
1771	11	LAGOA DOS PATOS
1772	11	LAGOA DOURADA
1773	11	LAGOA FORMOSA
1774	11	LAGOA GRANDE
1775	11	LAGOA SANTA
1776	11	LAJINHA
1777	11	LAMBARI
1778	11	LAMIM
1779	11	LARANJAL
1780	11	LASSANCE
1781	11	LAVRAS
1782	11	LEANDRO FERREIRA
1783	11	LEME DO PRADO
1784	11	LEOPOLDINA
1785	11	LIBERDADE
1786	11	LIMA DUARTE
1787	11	LIMEIRA DO OESTE
1788	11	LONTRA
1789	11	LUISBURGO
1790	11	LUISLANDIA
1791	11	LUMINARIAS
1792	11	LUZ
1793	11	MACHACALIS
1794	11	MACHADO
1795	11	MADRE DE DEUS DE MINAS
1796	11	MALACACHETA
1797	11	MAMONAS
1798	11	MANGA
1799	11	MANHUACU
1800	11	MANHUMIRIM
1801	11	MANTENA
1802	11	MAR DE ESPANHA
1803	11	MARAVILHAS
1804	11	MARIA DA FE
1805	11	MARIANA
1806	11	MARILAC
1807	11	MARIO CAMPOS
1808	11	MARIPA DE MINAS
1809	11	MARLIERIA
1810	11	MARMELOPOLIS
1811	11	MARTINHO CAMPOS
1812	11	MARTINS SOARES
1813	11	MATA VERDE
1814	11	MATERLANDIA
1815	11	MATEUS LEME
1816	11	MATHIAS LOBATO
1817	11	MATIAS BARBOSA
1818	11	MATIAS CARDOSO
1819	11	MATIPO
1820	11	MATO VERDE
1821	11	MATOZINHOS
1822	11	MATUTINA
1823	11	MEDEIROS
1824	11	MEDINA
1825	11	MENDES PIMENTEL
1826	11	MERCES
1827	11	MESQUITA
1828	11	MINAS NOVAS
1829	11	MINDURI
1830	11	MIRABELA
1831	11	MIRADOURO
1832	11	MIRAI
1833	11	MIRAVANIA
1834	11	MOEDA
1835	11	MOEMA
1836	11	MONJOLOS
1837	11	MONSENHOR PAULO
1838	11	MONTALVANIA
1839	11	MONTE ALEGRE DE MINAS
1840	11	MONTE AZUL
1841	11	MONTE BELO
1842	11	MONTE CARMELO
1843	11	MONTE FORMOSO
1844	11	MONTE SANTO DE MINAS
1845	11	MONTE SIAO
1846	11	MONTES CLAROS
1847	11	MONTEZUMA
1848	11	MORADA NOVA DE MINAS
1849	11	MORRO DA GARCA
1850	11	MORRO DO PILAR
1851	11	MUNHOZ
1852	11	MURIAE
1853	11	MUTUM
1854	11	MUZAMBINHO
1855	11	NACIP RAYDAN
1856	11	NANUQUE
1857	11	NAQUE
1858	11	NATALANDIA
1859	11	NATERCIA
1860	11	NAZARENO
1861	11	NEPOMUCENO
1862	11	NINHEIRA
1863	11	NOVA BELEM
1864	11	NOVA ERA
1865	11	NOVA LIMA
1866	11	NOVA MODICA
1867	11	NOVA PONTE
1868	11	NOVA PORTEIRINHA
1869	11	NOVA RESENDE
1870	11	NOVA SERRANA
1871	11	NOVA UNIAO
1872	11	NOVO CRUZEIRO
1873	11	NOVO ORIENTE DE MINAS
1874	11	NOVORIZONTE
1875	11	OLARIA
1876	11	OLHOS-DAGUA
1877	11	OLIMPIO NORONHA
1878	11	OLIVEIRA
1879	11	OLIVEIRA FORTES
1880	11	ONCA DE PITANGUI
1881	11	ORATORIOS
1882	11	ORIZANIA
1883	11	OURO BRANCO
1884	11	OURO FINO
1885	11	OURO PRETO
1886	11	OURO VERDE DE MINAS
1887	11	PADRE CARVALHO
1888	11	PADRE PARAISO
1889	11	PAI PEDRO
1890	11	PAINEIRAS
1891	11	PAINS
1892	11	PAIVA
1893	11	PALMA
1894	11	PALMOPOLIS
1895	11	PAPAGAIOS
1896	11	PARA DE MINAS
1897	11	PARACATU
1898	11	PARAGUACU
1899	11	PARAISOPOLIS
1900	11	PARAOPEBA
1901	11	PASSA QUATRO
1902	11	PASSA TEMPO
1903	11	PASSA-VINTE
1904	11	PASSABEM
1905	11	PASSOS
1906	11	PATIS
1907	11	PATOS DE MINAS
1908	11	PATROCINIO
1909	11	PATROCINIO DO MURIAE
1910	11	PAULA CANDIDO
1911	11	PAULISTAS
1912	11	PAVAO
1913	11	PECANHA
1914	11	PEDRA AZUL
1915	11	PEDRA BONITA
1916	11	PEDRA DO ANTA
1917	11	PEDRA DO INDAIA
1918	11	PEDRA DOURADA
1919	11	PEDRALVA
1920	11	PEDRAS DE MARIA DA CRUZ
1921	11	PEDRINOPOLIS
1922	11	PEDRO LEOPOLDO
1923	11	PEDRO TEIXEIRA
1924	11	PEQUERI
1925	11	PEQUI
1926	11	PERDIGAO
1927	11	PERDIZES
1928	11	PERDOES
1929	11	PERIQUITO
1930	11	PESCADOR
1931	11	PIAU
1932	11	PIEDADE DE CARATINGA
1933	11	PIEDADE DE PONTE NOVA
1934	11	PIEDADE DO RIO GRANDE
1935	11	PIEDADE DOS GERAIS
1936	11	PIMENTA
1937	11	PINGO-DAGUA
1938	11	PINTOPOLIS
1939	11	PIRACEMA
1940	11	PIRAJUBA
1941	11	PIRANGA
1942	11	PIRANGUCU
1943	11	PIRANGUINHO
1944	11	PIRAPETINGA
1945	11	PIRAPORA
1946	11	PIRAUBA
1947	11	PITANGUI
1948	11	PIUMHI
1949	11	PLANURA
1950	11	POCO FUNDO
1951	11	POCOS DE CALDAS
1952	11	POCRANE
1953	11	POMPEU
1954	11	PONTE NOVA
1955	11	PONTO CHIQUE
1956	11	PONTO DOS VOLANTES
1957	11	PORTEIRINHA
1958	11	PORTO FIRME
1959	11	POTE
1960	11	POUSO ALEGRE
1961	11	POUSO ALTO
1962	11	PRADOS
1963	11	PRATA
1964	11	PRATAPOLIS
1965	11	PRATINHA
1966	11	PRESIDENTE BERNARDES
1967	11	PRESIDENTE JUSCELINO
1968	11	PRESIDENTE KUBITSCHEK
1969	11	PRESIDENTE OLEGARIO
1970	11	PRUDENTE DE MORAIS
1971	11	QUARTEL GERAL
1972	11	QUELUZITO
1973	11	RAPOSOS
1974	11	RAUL SOARES
1975	11	RECREIO
1976	11	REDUTO
1977	11	RESENDE COSTA
1978	11	RESPLENDOR
1979	11	RESSAQUINHA
1980	11	RIACHINHO
1981	11	RIACHO DOS MACHADOS
1982	11	RIBEIRAO DAS NEVES
1983	11	RIBEIRAO VERMELHO
1984	11	RIO ACIMA
1985	11	RIO CASCA
1986	11	RIO DO PRADO
1987	11	RIO DOCE
1988	11	RIO ESPERA
1989	11	RIO MANSO
1990	11	RIO NOVO
1991	11	RIO PARANAIBA
1992	11	RIO PARDO DE MINAS
1993	11	RIO PIRACICABA
1994	11	RIO POMBA
1995	11	RIO PRETO
1996	11	RIO VERMELHO
1997	11	RITAPOLIS
1998	11	ROCHEDO DE MINAS
1999	11	RODEIRO
2000	11	ROMARIA
2001	11	ROSARIO DA LIMEIRA
2002	11	RUBELITA
2003	11	RUBIM
2004	11	SABARA
2005	11	SABINOPOLIS
2006	11	SACRAMENTO
2007	11	SALINAS
2008	11	SALTO DA DIVISA
2009	11	SANTA BARBARA
2010	11	SANTA BARBARA DO LESTE
2011	11	SANTA BARBARA DO MONTE VERDE
2012	11	SANTA BARBARA DO TUGURIO
2013	11	SANTA CRUZ DE MINAS
2014	11	SANTA CRUZ DE SALINAS
2015	11	SANTA CRUZ DO ESCALVADO
2016	11	SANTA EFIGENIA DE MINAS
2017	11	SANTA FE DE MINAS
2018	11	SANTA HELENA DE MINAS
2019	11	SANTA JULIANA
2020	11	SANTA LUZIA
2021	11	SANTA MARGARIDA
2022	11	SANTA MARIA DE ITABIRA
2023	11	SANTA MARIA DO SALTO
2024	11	SANTA MARIA DO SUACUI
2025	11	SANTA RITA DE CALDAS
2026	11	SANTA RITA DE IBITIPOCA
2027	11	SANTA RITA DE JACUTINGA
2028	11	SANTA RITA DE MINAS
2029	11	SANTA RITA DO ITUETO
2030	11	SANTA RITA DO SAPUCAI
2031	11	SANTA ROSA DA SERRA
2032	11	SANTA VITORIA
2033	11	SANTANA DA VARGEM
2034	11	SANTANA DE CATAGUASES
2035	11	SANTANA DE PIRAPAMA
2036	11	SANTANA DO DESERTO
2037	11	SANTANA DO GARAMBEU
2038	11	SANTANA DO JACARE
2039	11	SANTANA DO MANHUACU
2040	11	SANTANA DO PARAISO
2041	11	SANTANA DO RIACHO
2042	11	SANTANA DOS MONTES
2043	11	SANTO ANTONIO DO AMPARO
2044	11	SANTO ANTONIO DO AVENTUREIRO
2045	11	SANTO ANTONIO DO GRAMA
2046	11	SANTO ANTONIO DO ITAMBE
2047	11	SANTO ANTONIO DO JACINTO
2048	11	SANTO ANTONIO DO MONTE
2049	11	SANTO ANTONIO DO RETIRO
2050	11	SANTO ANTONIO DO RIO ABAIXO
2051	11	SANTO HIPOLITO
2052	11	SANTOS DUMONT
2053	11	SAO BENTO ABADE
2054	11	SAO BRAS DO SUACUI
2055	11	SAO DOMINGOS DAS DORES
2056	11	SAO DOMINGOS DO PRATA
2057	11	SAO FELIX DE MINAS
2058	11	SAO FRANCISCO
2059	11	SAO FRANCISCO DE PAULA
2060	11	SAO FRANCISCO DE SALES
2061	11	SAO FRANCISCO DO GLORIA
2062	11	SAO GERALDO
2063	11	SAO GERALDO DA PIEDADE
2064	11	SAO GERALDO DO BAIXIO
2065	11	SAO GONÇALO DO ABAETÉ
2066	11	SAO GONÇALO DO PARÁ
2067	11	SAO GONÇALO DO RIO ABAIXO
2068	11	SAO GONÇALO DO RIO PRETO
2069	11	SAO GONCALO DO SAPUCAI
2070	11	SAO GOTARDO
2071	11	SAO JOAO BATISTA DO GLORIA
2072	11	SAO JOAO DA LAGOA
2073	11	SAO JOAO DA MATA
2074	11	SAO JOAO DA PONTE
2075	11	SAO JOAO DAS MISSOES
2076	11	SAO JOAO DEL REI
2077	11	SAO JOAO DO MANHUACU
2078	11	SAO JOAO DO MANTENINHA
2079	11	SAO JOAO DO ORIENTE
2080	11	SAO JOAO DO PACUI
2081	11	SAO JOAO DO PARAISO
2082	11	SAO JOAO EVANGELISTA
2083	11	SAO JOAO NEPOMUCENO
2084	11	SAO JOAQUIM DE BICAS
2085	11	SAO JOSE DA BARRA
2086	11	SAO JOSE DA LAPA
2087	11	SAO JOSE DA SAFIRA
2088	11	SAO JOSE DA VARGINHA
2089	11	SAO JOSE DO ALEGRE
2090	11	SAO JOSE DO DIVINO
2091	11	SAO JOSE DO GOIABAL
2092	11	SAO JOSE DO JACURI
2093	11	SAO JOSE DO MANTIMENTO
2094	11	SAO LOURENCO
2095	11	SAO MIGUEL DO ANTA
2096	11	SAO PEDRO DA UNIAO
2097	11	SAO PEDRO DO SUACUI
2098	11	SAO PEDRO DOS FERROS
2099	11	SAO ROMAO
2100	11	SAO ROQUE DE MINAS
2101	11	SAO SEBASTIAO DA BELA VISTA
2102	11	SAO SEBASTIAO DA VARGEM ALEGRE
2103	11	SAO SEBASTIAO DO ANTA
2104	11	SAO SEBASTIAO DO MARANHAO
2105	11	SAO SEBASTIAO DO OESTE
2106	11	SAO SEBASTIAO DO PARAÍSO
2107	11	SAO SEBASTIAO DO RIO PRETO
2108	11	SAO SEBASTIAO DO RIO VERDE
2109	11	SAO THOME DAS LETRAS
2110	11	SAO TIAGO
2111	11	SAO TOMAS DE AQUINO
2112	11	SAO VICENTE DE MINAS
2113	11	SAPUCAI-MIRIM
2114	11	SARDOA
2115	11	SARZEDO
2116	11	SEM-PEIXE
2117	11	SENADOR AMARAL
2118	11	SENADOR CORTES
2119	11	SENADOR FIRMINO
2120	11	SENADOR JOSE BENTO
2121	11	SENADOR MODESTINO GONCALVES
2122	11	SENHORA DE OLIVEIRA
2123	11	SENHORA DO PORTO
2124	11	SENHORA DOS REMEDIOS
2125	11	SERICITA
2126	11	SERITINGA
2127	11	SERRA AZUL DE MINAS
2128	11	SERRA DA SAUDADE
2129	11	SERRA DO SALITRE
2130	11	SERRA DOS AIMORES
2131	11	SERRANIA
2132	11	SERRANOPOLIS DE MINAS
2133	11	SERRANOS
2134	11	SERRO
2135	11	SETE LAGOAS
2136	11	SETUBINHA
2137	11	SILVEIRANIA
2138	11	SILVIANOPOLIS
2139	11	SIMAO PEREIRA
2140	11	SIMONESIA
2141	11	SOBRALIA
2142	11	SOLEDADE DE MINAS
2143	11	TABULEIRO
2144	11	TAIOBEIRAS
2145	11	TAPARUBA
2146	11	TAPIRA
2147	11	TAPIRAI
2148	11	TAQUARACU DE MINAS
2149	11	TARUMIRIM
2150	11	TEIXEIRAS
2151	11	TEOFILO OTONI
2152	11	TIMOTEO
2153	11	TIRADENTES
2154	11	TIROS
2155	11	TOCANTINS
2156	11	TOCOS DO MOJI
2157	11	TOLEDO
2158	11	TOMBOS
2159	11	TRES CORACOES
2160	11	TRES MARIAS
2161	11	TRES PONTAS
2162	11	TUMIRITINGA
2163	11	TUPACIGUARA
2164	11	TURMALINA
2165	11	TURVOLANDIA
2166	11	UBA
2167	11	UBAI
2168	11	UBAPORANGA
2169	11	UBERABA
2170	11	UBERLANDIA
2171	11	UMBURATIBA
2172	11	UNAI
2173	11	UNIAO DE MINAS
2174	11	URUANA DE MINAS
2175	11	URUCANIA
2176	11	URUCUIA
2177	11	VARGEM ALEGRE
2178	11	VARGEM BONITA
2179	11	VARGEM GRANDE DO RIO PARDO
2180	11	VARGINHA
2181	11	VARJAO DE MINAS
2182	11	VARZEA DA PALMA
2183	11	VARZELANDIA
2184	11	VAZANTE
2185	11	VERDELANDIA
2186	11	VEREDINHA
2187	11	VERISSIMO
2188	11	VERMELHO NOVO
2189	11	VESPASIANO
2190	11	VICOSA
2191	11	VIEIRAS
2192	11	VIRGEM DA LAPA
2193	11	VIRGINIA
2194	11	VIRGINOPOLIS
2195	11	VIRGOLANDIA
2196	11	VISCONDE DO RIO BRANCO
2197	11	VOLTA GRANDE
2198	11	WENCESLAU BRAZ
2199	12	AGUA CLARA
2200	12	ALCINOPOLIS
2201	12	AMAMBAI
2202	12	ANASTACIO
2203	12	ANAURILANDIA
2204	12	ANGELICA
2205	12	ANTONIO JOAO
2206	12	APARECIDA DO TABOADO
2207	12	AQUIDAUANA
2208	12	ARAL MOREIRA
2209	12	BANDEIRANTES
2210	12	BATAGUASSU
2211	12	BATAYPORA
2212	12	BELA VISTA
2213	12	BODOQUENA
2214	12	BONITO
2215	12	BRASILANDIA
2216	12	CAARAPO
2217	12	CAMAPUA
2218	12	CAMPO GRANDE
2219	12	CARACOL
2220	12	CASSILANDIA
2221	12	CHAPADAO DO SUL
2222	12	CORGUINHO
2223	12	CORONEL SAPUCAIA
2224	12	CORUMBA
2225	12	COSTA RICA
2226	12	COXIM
2227	12	DEODAPOLIS
2228	12	DOIS IRMAOS DO BURITI
2229	12	DOURADINA
2230	12	DOURADOS
2231	12	ELDORADO
2232	12	FATIMA DO SUL
2233	12	FIGUEIRAO
2234	12	GLORIA DE DOURADOS
2235	12	GUIA LOPES DA LAGUNA
2236	12	IGUATEMI
2237	12	INOCENCIA
2238	12	ITAPORA
2239	12	ITAQUIRAI
2240	12	IVINHEMA
2241	12	JAPORA
2242	12	JARAGUARI
2243	12	JARDIM
2244	12	JATEI
2245	12	JUTI
2246	12	LADARIO
2247	12	LAGUNA CARAPA
2248	12	MARACAJU
2249	12	MIRANDA
2250	12	MUNDO NOVO
2251	12	NAVIRAI
2252	12	NIOAQUE
2253	12	NOVA ALVORADA DO SUL
2254	12	NOVA ANDRADINA
2255	12	NOVO HORIZONTE DO SUL
2256	12	PARAISO DAS AGUAS
2257	12	PARANAIBA
2258	12	PARANHOS
2259	12	PEDRO GOMES
2260	12	PONTA PORA
2261	12	PORTO MURTINHO
2262	12	RIBAS DO RIO PARDO
2263	12	RIO BRILHANTE
2264	12	RIO NEGRO
2265	12	RIO VERDE DE MATO GROSSO
2266	12	ROCHEDO
2267	12	SANTA RITA DO PARDO
2268	12	SAO GABRIEL DO OESTE
2269	12	SELVIRIA
2270	12	SETE QUEDAS
2271	12	SIDROLANDIA
2272	12	SONORA
2273	12	TACURU
2274	12	TAQUARUSSU
2275	12	TERENOS
2276	12	TRES LAGOAS
2277	12	VICENTINA
2278	13	ACORIZAL
2279	13	AGUA BOA
2280	13	ALTA FLORESTA
2281	13	ALTO ARAGUAIA
2282	13	ALTO BOA VISTA
2283	13	ALTO GARCAS
2284	13	ALTO PARAGUAI
2285	13	ALTO TAQUARI
2286	13	APIACAS
2287	13	ARAGUAIANA
2288	13	ARAGUAINHA
2289	13	ARAPUTANGA
2290	13	ARENAPOLIS
2291	13	ARIPUANA
2292	13	BARAO DE MELGACO
2293	13	BARRA DO BUGRES
2294	13	BARRA DO GARCAS
2295	13	BOM JESUS DO ARAGUAIA
2296	13	BRASNORTE
2297	13	CACERES
2298	13	CAMPINAPOLIS
2299	13	CAMPO NOVO DO PARECIS
2300	13	CAMPO VERDE
2301	13	CAMPOS DE JULIO
2302	13	CANABRAVA DO NORTE
2303	13	CANARANA
2304	13	CARLINDA
2305	13	CASTANHEIRA
2306	13	CHAPADA DOS GUIMARAES
2307	13	CLAUDIA
2308	13	COCALINHO
2309	13	COLIDER
2310	13	COLNIZA
2311	13	COMODORO
2312	13	CONFRESA
2313	13	CONQUISTA DOESTE
2314	13	COTRIGUACU
2315	13	CUIABA
2316	13	CURVELANDIA
2317	13	DENISE
2318	13	DIAMANTINO
2319	13	DOM AQUINO
2320	13	FELIZ NATAL
2321	13	FIGUEIROPOLIS DOESTE
2322	13	GAUCHA DO NORTE
2323	13	GENERAL CARNEIRO
2324	13	GLORIA DOESTE
2325	13	GUARANTA DO NORTE
2326	13	GUIRATINGA
2327	13	INDIAVAI
2328	13	IPIRANGA DO NORTE
2329	13	ITANHANGA
2330	13	ITAUBA
2331	13	ITIQUIRA
2332	13	JACIARA
2333	13	JANGADA
2334	13	JAURU
2335	13	JUARA
2336	13	JUINA
2337	13	JURUENA
2338	13	JUSCIMEIRA
2339	13	LAMBARI DOESTE
2340	13	LUCAS DO RIO VERDE
2341	13	LUCIARA
2342	13	MARCELANDIA
2343	13	MATUPA
2344	13	MIRASSOL DOESTE
2345	13	NOBRES
2346	13	NORTELANDIA
2347	13	NOSSA SENHORA DO LIVRAMENTO
2348	13	NOVA BANDEIRANTES
2349	13	NOVA BRASILANDIA
2350	13	NOVA CANAA DO NORTE
2351	13	NOVA GUARITA
2352	13	NOVA LACERDA
2353	13	NOVA MARILANDIA
2354	13	NOVA MARINGA
2355	13	NOVA MONTE VERDE
2356	13	NOVA MUTUM
2357	13	NOVA NAZARE
2358	13	NOVA OLIMPIA
2359	13	NOVA SANTA HELENA
2360	13	NOVA UBIRATA
2361	13	NOVA XAVANTINA
2362	13	NOVO HORIZONTE DO NORTE
2363	13	NOVO MUNDO
2364	13	NOVO SANTO ANTONIO
2365	13	NOVO SAO JOAQUIM
2366	13	PARANAITA
2367	13	PARANATINGA
2368	13	PEDRA PRETA
2369	13	PEIXOTO DE AZEVEDO
2370	13	PLANALTO DA SERRA
2371	13	POCONE
2372	13	PONTAL DO ARAGUAIA
2373	13	PONTE BRANCA
2374	13	PONTES E LACERDA
2375	13	PORTO ALEGRE DO NORTE
2376	13	PORTO DOS GAUCHOS
2377	13	PORTO ESPERIDIAO
2378	13	PORTO ESTRELA
2379	13	POXOREO
2380	13	PRIMAVERA DO LESTE
2381	13	QUERENCIA
2382	13	RESERVA DO CABACAL
2383	13	RIBEIRAO CASCALHEIRA
2384	13	RIBEIRAOZINHO
2385	13	RIO BRANCO
2386	13	RONDOLANDIA
2387	13	RONDONOPOLIS
2388	13	ROSARIO OESTE
2389	13	SALTO DO CEU
2390	13	SANTA CARMEM
2391	13	SANTA CRUZ DO XINGU
2392	13	SANTA RITA DO TRIVELATO
2393	13	SANTA TEREZINHA
2394	13	SANTO AFONSO
2395	13	SANTO ANTONIO DO LESTE
2396	13	SANTO ANTONIO DO LEVERGER
2397	13	SAO FELIX DO ARAGUAIA
2398	13	SAO JOSE DO POVO
2399	13	SAO JOSE DO RIO CLARO
2400	13	SAO JOSE DO XINGU
2401	13	SAO JOSE DOS QUATRO MARCOS
2402	13	SAO PEDRO DA CIPA
2403	13	SAPEZAL
2404	13	SERRA NOVA DOURADA
2405	13	SINOP
2406	13	SORRISO
2407	13	TABAPORA
2408	13	TANGARA DA SERRA
2409	13	TAPURAH
2410	13	TERRA NOVA DO NORTE
2411	13	TESOURO
2412	13	TORIXOREU
2413	13	UNIAO DO SUL
2414	13	VALE DE SAO DOMINGOS
2415	13	VARZEA GRANDE
2416	13	VERA
2417	13	VILA BELA DA SANTISSIMA TRINDADE
2418	13	VILA RICA
2419	14	ABAETETUBA
2420	14	ABEL FIGUEIREDO
2421	14	ACARA
2422	14	AFUA
2423	14	AGUA AZUL DO NORTE
2424	14	ALENQUER
2425	14	ALMEIRIM
2426	14	ALTAMIRA
2427	14	ANAJAS
2428	14	ANANINDEUA
2429	14	ANAPU
2430	14	AUGUSTO CORREA
2431	14	AURORA DO PARA
2432	14	AVEIRO
2433	14	BAGRE
2434	14	BAIAO
2435	14	BANNACH
2436	14	BARCARENA
2437	14	BELEM
2438	14	BELTERRA
2439	14	BENEVIDES
2440	14	BOM JESUS DO TOCANTINS
2441	14	BONITO
2442	14	BRAGANCA
2443	14	BRASIL NOVO
2444	14	BREJO GRANDE DO ARAGUAIA
2445	14	BREU BRANCO
2446	14	BREVES
2447	14	BUJARU
2448	14	CACHOEIRA DO ARARI
2449	14	CACHOEIRA DO PIRIA
2450	14	CAMETA
2451	14	CANAA DOS CARAJAS
2452	14	CAPANEMA
2453	14	CAPITAO POCO
2454	14	CASTANHAL
2455	14	CHAVES
2456	14	COLARES
2457	14	CONCEICAO DO ARAGUAIA
2458	14	CONCORDIA DO PARA
2459	14	CUMARU DO NORTE
2460	14	CURIONOPOLIS
2461	14	CURRALINHO
2462	14	CURUA
2463	14	CURUCA
2464	14	DOM ELISEU
2465	14	ELDORADO DOS CARAJAS
2466	14	FARO
2467	14	FLORESTA DO ARAGUAIA
2468	14	GARRAFAO DO NORTE
2469	14	GOIANESIA DO PARA
2470	14	GURUPA
2471	14	IGARAPE-ACU
2472	14	IGARAPE-MIRI
2473	14	INHANGAPI
2474	14	IPIXUNA DO PARA
2475	14	IRITUIA
2476	14	ITAITUBA
2477	14	ITUPIRANGA
2478	14	JACAREACANGA
2479	14	JACUNDA
2480	14	JURUTI
2481	14	LIMOEIRO DO AJURU
2482	14	MAE DO RIO
2483	14	MAGALHAES BARATA
2484	14	MARABA
2485	14	MARACANA
2486	14	MARAPANIM
2487	14	MARITUBA
2488	14	MEDICILANDIA
2489	14	MELGACO
2490	14	MOCAJUBA
2491	14	MOJU
2492	14	MOJUI DOS CAMPOS
2493	14	MONTE ALEGRE
2494	14	MUANA
2495	14	NOVA ESPERANCA DO PIRIA
2496	14	NOVA IPIXUNA
2497	14	NOVA TIMBOTEUA
2498	14	NOVO PROGRESSO
2499	14	NOVO REPARTIMENTO
2500	14	OBIDOS
2501	14	OEIRAS DO PARA
2502	14	ORIXIMINA
2503	14	OUREM
2504	14	OURILANDIA DO NORTE
2505	14	PACAJA
2506	14	PALESTINA DO PARA
2507	14	PARAGOMINAS
2508	14	PARAUAPEBAS
2509	14	PAU DARCO
2510	14	PEIXE-BOI
2511	14	PICARRA
2512	14	PLACAS
2513	14	PONTA DE PEDRAS
2514	14	PORTEL
2515	14	PORTO DE MOZ
2516	14	PRAINHA
2517	14	PRIMAVERA
2518	14	QUATIPURU
2519	14	REDENCAO
2520	14	RIO MARIA
2521	14	RONDON DO PARA
2522	14	RUROPOLIS
2523	14	SALINOPOLIS
2524	14	SALVATERRA
2525	14	SANTA BARBARA DO PARA
2526	14	SANTA CRUZ DO ARARI
2527	14	SANTA ISABEL DO PARA
2528	14	SANTA LUZIA DO PARA
2529	14	SANTA MARIA DAS BARREIRAS
2530	14	SANTA MARIA DO PARA
2531	14	SANTANA DO ARAGUAIA
2532	14	SANTAREM
2533	14	SANTAREM NOVO
2534	14	SANTO ANTONIO DO TAUA
2535	14	SAO CAETANO DE ODIVELAS
2536	14	SAO DOMINGOS DO ARAGUAIA
2537	14	SAO DOMINGOS DO CAPIM
2538	14	SAO FELIX DO XINGU
2539	14	SAO FRANCISCO DO PARA
2540	14	SAO GERALDO DO ARAGUAIA
2541	14	SAO JOAO DA PONTA
2542	14	SAO JOAO DE PIRABAS
2543	14	SAO JOAO DO ARAGUAIA
2544	14	SAO MIGUEL DO GUAMA
2545	14	SAO SEBASTIAO DA BOA VISTA
2546	14	SAPUCAIA
2547	14	SENADOR JOSE PORFIRIO
2548	14	SOURE
2549	14	TAILANDIA
2550	14	TERRA ALTA
2551	14	TERRA SANTA
2552	14	TOME-ACU
2553	14	TRACUATEUA
2554	14	TRAIRAO
2555	14	TUCUMA
2556	14	TUCURUI
2557	14	ULIANOPOLIS
2558	14	URUARA
2559	14	VIGIA
2560	14	VISEU
2561	14	VITORIA DO XINGU
2562	14	XINGUARA
2563	15	AGUA BRANCA
2564	15	AGUIAR
2565	15	ALAGOA GRANDE
2566	15	ALAGOA NOVA
2567	15	ALAGOINHA
2568	15	ALCANTIL
2569	15	ALGODAO DE JANDAIRA
2570	15	ALHANDRA
2571	15	AMPARO
2572	15	APARECIDA
2573	15	ARACAGI
2574	15	ARARA
2575	15	ARARUNA
2576	15	AREIA
2577	15	AREIA DE BARAUNAS
2578	15	AREIAL
2579	15	AROEIRAS
2580	15	ASSUNCAO
2581	15	BAIA DA TRAICAO
2582	15	BANANEIRAS
2583	15	BARAUNA
2584	15	BARRA DE SANTA ROSA
2585	15	BARRA DE SANTANA
2586	15	BARRA DE SAO MIGUEL
2587	15	BAYEUX
2588	15	BELEM
2589	15	BELEM DO BREJO DO CRUZ
2590	15	BERNARDINO BATISTA
2591	15	BOA VENTURA
2592	15	BOA VISTA
2593	15	BOM JESUS
2594	15	BOM SUCESSO
2595	15	BONITO DE SANTA FE
2596	15	BOQUEIRAO
2597	15	BORBOREMA
2598	15	BREJO DO CRUZ
2599	15	BREJO DOS SANTOS
2600	15	CAAPORA
2601	15	CABACEIRAS
2602	15	CABEDELO
2603	15	CACHOEIRA DOS INDIOS
2604	15	CACIMBA DE AREIA
2605	15	CACIMBA DE DENTRO
2606	15	CACIMBAS
2607	15	CAICARA
2608	15	CAJAZEIRAS
2609	15	CAJAZEIRINHAS
2610	15	CALDAS BRANDAO
2611	15	CAMALAU
2612	15	CAMPINA GRANDE
2613	15	CAPIM
2614	15	CARAUBAS
2615	15	CARRAPATEIRA
2616	15	CASSERENGUE
2617	15	CATINGUEIRA
2618	15	CATOLE DO ROCHA
2619	15	CATURITE
2620	15	CONCEICAO
2621	15	CONDADO
2622	15	CONDE
2623	15	CONGO
2624	15	COREMAS
2625	15	COXIXOLA
2626	15	CRUZ DO ESPIRITO SANTO
2627	15	CUBATI
2628	15	CUITE
2629	15	CUITE DE MAMANGUAPE
2630	15	CUITEGI
2631	15	CURRAL DE CIMA
2632	15	CURRAL VELHO
2633	15	DAMIAO
2634	15	DESTERRO
2635	15	DIAMANTE
2636	15	DONA INES
2637	15	DUAS ESTRADAS
2638	15	EMAS
2639	15	ESPERANCA
2640	15	FAGUNDES
2641	15	FREI MARTINHO
2642	15	GADO BRAVO
2643	15	GUARABIRA
2644	15	GURINHEM
2645	15	GURJAO
2646	15	IBIARA
2647	15	IGARACY
2648	15	IMACULADA
2649	15	INGA
2650	15	ITABAIANA
2651	15	ITAPORANGA
2652	15	ITAPOROROCA
2653	15	ITATUBA
2654	15	JACARAU
2655	15	JERICO
2656	15	JOAO PESSOA
2657	15	JOCA CLAUDINO
2658	15	JUAREZ TAVORA
2659	15	JUAZEIRINHO
2660	15	JUNCO DO SERIDO
2661	15	JURIPIRANGA
2662	15	JURU
2663	15	LAGOA
2664	15	LAGOA DE DENTRO
2665	15	LAGOA SECA
2666	15	LASTRO
2667	15	LIVRAMENTO
2668	15	LOGRADOURO
2669	15	LUCENA
2670	15	MAE DAGUA
2671	15	MALTA
2672	15	MAMANGUAPE
2673	15	MANAIRA
2674	15	MARCACAO
2675	15	MARI
2676	15	MARIZOPOLIS
2677	15	MASSARANDUBA
2678	15	MATARACA
2679	15	MATINHAS
2680	15	MATO GROSSO
2681	15	MATUREIA
2682	15	MOGEIRO
2683	15	MONTADAS
2684	15	MONTE HOREBE
2685	15	MONTEIRO
2686	15	MULUNGU
2687	15	NATUBA
2688	15	NAZAREZINHO
2689	15	NOVA FLORESTA
2690	15	NOVA OLINDA
2691	15	NOVA PALMEIRA
2692	15	OLHO DAGUA
2693	15	OLIVEDOS
2694	15	OURO VELHO
2695	15	PARARI
2696	15	PASSAGEM
2697	15	PATOS
2698	15	PAULISTA
2699	15	PEDRA BRANCA
2700	15	PEDRA LAVRADA
2701	15	PEDRAS DE FOGO
2702	15	PEDRO REGIS
2703	15	PIANCO
2704	15	PICUI
2705	15	PILAR
2706	15	PILÕES
2707	15	PILÕEZINHOS
2708	15	PIRPIRITUBA
2709	15	PITIMBU
2710	15	POCINHOS
2711	15	POCO DANTAS
2712	15	POCO DE JOSE DE MOURA
2713	15	POMBAL
2714	15	PRATA
2715	15	PRINCESA ISABEL
2716	15	PUXINANA
2717	15	QUEIMADAS
2718	15	QUIXABA
2719	15	REMIGIO
2720	15	RIACHAO
2721	15	RIACHAO DO BACAMARTE
2722	15	RIACHAO DO POCO
2723	15	RIACHO DE SANTO ANTONIO
2724	15	RIACHO DOS CAVALOS
2725	15	RIO TINTO
2726	15	SALGADINHO
2727	15	SALGADO DE SAO FELIX
2728	15	SANTA CECILIA
2729	15	SANTA CRUZ
2730	15	SANTA HELENA
2731	15	SANTA INES
2732	15	SANTA LUZIA
2733	15	SANTA RITA
2734	15	SANTA TERESINHA
2735	15	SANTANA DE MANGUEIRA
2736	15	SANTANA DOS GARROTES
2737	15	SANTO ANDRE
2738	15	SAO BENTINHO
2739	15	SAO BENTO
2740	15	SAO DOMINGOS
2741	15	SAO DOMINGOS DO CARIRI
2742	15	SAO FRANCISCO
2743	15	SAO JOAO DO CARIRI
2744	15	SAO JOAO DO RIO DO PEIXE
2745	15	SAO JOAO DO TIGRE
2746	15	SAO JOSE DA LAGOA TAPADA
2747	15	SAO JOSE DE CAIANA
2748	15	SAO JOSE DE ESPINHARAS
2749	15	SAO JOSE DE PIRANHAS
2750	15	SAO JOSE DE PRINCESA
2751	15	SAO JOSE DO BONFIM
2752	15	SAO JOSE DO BREJO DO CRUZ
2753	15	SAO JOSE DO SABUGI
2754	15	SAO JOSE DOS CORDEIROS
2755	15	SAO JOSE DOS RAMOS
2756	15	SAO MAMEDE
2757	15	SAO MIGUEL DE TAIPU
2758	15	SAO SEBASTIAO DE LAGOA DE ROCA
2759	15	SAO SEBASTIAO DO UMBUZEIRO
2760	15	SAO VICENTE DO SERIDO
2761	15	SAPE
2762	15	SERRA BRANCA
2763	15	SERRA DA RAIZ
2764	15	SERRA GRANDE
2765	15	SERRA REDONDA
2766	15	SERRARIA
2767	15	SERTAOZINHO
2768	15	SOBRADO
2769	15	SOLANEA
2770	15	SOLEDADE
2771	15	SOSSEGO
2772	15	SOUSA
2773	15	SUME
2774	15	TACIMA
2775	15	TAPEROA
2776	15	TAVARES
2777	15	TEIXEIRA
2778	15	TENORIO
2779	15	TRIUNFO
2780	15	UIRAUNA
2781	15	UMBUZEIRO
2782	15	VARZEA
2783	15	VIEIROPOLIS
2784	15	VISTA SERRANA
2785	15	ZABELE
2786	16	ABREU E LIMA
2787	16	AFOGADOS DA INGAZEIRA
2788	16	AFRANIO
2789	16	AGRESTINA
2790	16	AGUA PRETA
2791	16	AGUAS BELAS
2792	16	ALAGOINHA
2793	16	ALIANCA
2794	16	ALTINHO
2795	16	AMARAJI
2796	16	ANGELIM
2797	16	ARACOIABA
2798	16	ARARIPINA
2799	16	ARCOVERDE
2800	16	BARRA DE GUABIRABA
2801	16	BARREIROS
2802	16	BELEM DE MARIA
2803	16	BELEM DE SAO FRANCISCO
2804	16	BELO JARDIM
2805	16	BETANIA
2806	16	BEZERROS
2807	16	BODOCO
2808	16	BOM CONSELHO
2809	16	BOM JARDIM
2810	16	BONITO
2811	16	BREJAO
2812	16	BREJINHO
2813	16	BREJO DA MADRE DE DEUS
2814	16	BUENOS AIRES
2815	16	BUIQUE
2816	16	CABO DE SANTO AGOSTINHO
2817	16	CABROBO
2818	16	CACHOEIRINHA
2819	16	CAETES
2820	16	CALCADO
2821	16	CALUMBI
2822	16	CAMARAGIBE
2823	16	CAMOCIM DE SAO FELIX
2824	16	CAMUTANGA
2825	16	CANHOTINHO
2826	16	CAPOEIRAS
2827	16	CARNAIBA
2828	16	CARNAUBEIRA DA PENHA
2829	16	CARPINA
2830	16	CARUARU
2831	16	CASINHAS
2832	16	CATENDE
2833	16	CEDRO
2834	16	CHA DE ALEGRIA
2835	16	CHA GRANDE
2836	16	CONDADO
2837	16	CORRENTES
2838	16	CORTES
2839	16	CUMARU
2840	16	CUPIRA
2841	16	CUSTODIA
2842	16	DORMENTES
2843	16	ESCADA
2844	16	EXU
2845	16	FEIRA NOVA
2846	16	FERNANDO DE NORONHA
2847	16	FERREIROS
2848	16	FLORES
2849	16	FLORESTA
2850	16	FREI MIGUELINHO
2851	16	GAMELEIRA
2852	16	GARANHUNS
2853	16	GLORIA DO GOITA
2854	16	GOIANA
2855	16	GRANITO
2856	16	GRAVATA
2857	16	IATI
2858	16	IBIMIRIM
2859	16	IBIRAJUBA
2860	16	IGARASSU
2861	16	IGUARACI
2862	16	ILHA DE ITAMARACA
2863	16	INAJA
2864	16	INGAZEIRA
2865	16	IPOJUCA
2866	16	IPUBI
2867	16	ITACURUBA
2868	16	ITAIBA
2869	16	ITAMBE
2870	16	ITAPETIM
2871	16	ITAPISSUMA
2872	16	ITAQUITINGA
2873	16	JABOATAO DOS GUARARAPES
2874	16	JAQUEIRA
2875	16	JATAUBA
2876	16	JATOBA
2877	16	JOAO ALFREDO
2878	16	JOAQUIM NABUCO
2879	16	JUCATI
2880	16	JUPI
2881	16	JUREMA
2882	16	LAGOA DO CARRO
2883	16	LAGOA DO ITAENGA
2884	16	LAGOA DO OURO
2885	16	LAGOA DOS GATOS
2886	16	LAGOA GRANDE
2887	16	LAJEDO
2888	16	LIMOEIRO
2889	16	MACAPARANA
2890	16	MACHADOS
2891	16	MANARI
2892	16	MARAIAL
2893	16	MIRANDIBA
2894	16	MOREILANDIA
2895	16	MORENO
2896	16	NAZARE DA MATA
2897	16	OLINDA
2898	16	OROBO
2899	16	OROCO
2900	16	OURICURI
2901	16	PALMARES
2902	16	PALMEIRINA
2903	16	PANELAS
2904	16	PARANATAMA
2905	16	PARNAMIRIM
2906	16	PASSIRA
2907	16	PAUDALHO
2908	16	PAULISTA
2909	16	PEDRA
2910	16	PESQUEIRA
2911	16	PETROLANDIA
2912	16	PETROLINA
2913	16	POCAO
2914	16	POMBOS
2915	16	PRIMAVERA
2916	16	QUIPAPA
2917	16	QUIXABA
2918	16	RECIFE
2919	16	RIACHO DAS ALMAS
2920	16	RIBEIRAO
2921	16	RIO FORMOSO
2922	16	SAIRE
2923	16	SALGADINHO
2924	16	SALGUEIRO
2925	16	SALOA
2926	16	SANHARO
2927	16	SANTA CRUZ
2928	16	SANTA CRUZ DA BAIXA VERDE
2929	16	SANTA CRUZ DO CAPIBARIBE
2930	16	SANTA FILOMENA
2931	16	SANTA MARIA DA BOA VISTA
2932	16	SANTA MARIA DO CAMBUCA
2933	16	SANTA TEREZINHA
2934	16	SAO BENEDITO DO SUL
2935	16	SAO BENTO DO UNA
2936	16	SAO CAITANO
2937	16	SAO JOAO
2938	16	SAO JOAQUIM DO MONTE
2939	16	SAO JOSE DA COROA GRANDE
2940	16	SAO JOSE DO BELMONTE
2941	16	SAO JOSE DO EGITO
2942	16	SAO LOURENCO DA MATA
2943	16	SAO VICENTE FERRER
2944	16	SERRA TALHADA
2945	16	SERRITA
2946	16	SERTANIA
2947	16	SIRINHAEM
2948	16	SOLIDAO
2949	16	SURUBIM
2950	16	TABIRA
2951	16	TACAIMBO
2952	16	TACARATU
2953	16	TAMANDARE
2954	16	TAQUARITINGA DO NORTE
2955	16	TEREZINHA
2956	16	TERRA NOVA
2957	16	TIMBAUBA
2958	16	TORITAMA
2959	16	TRACUNHAEM
2960	16	TRINDADE
2961	16	TRIUNFO
2962	16	TUPANATINGA
2963	16	TUPARETAMA
2964	16	VENTUROSA
2965	16	VERDEJANTE
2966	16	VERTENTE DO LERIO
2967	16	VERTENTES
2968	16	VICENCIA
2969	16	VITORIA DE SANTO ANTAO
2970	16	XEXEU
2971	17	ACAUA
2972	17	AGRICOLANDIA
2973	17	AGUA BRANCA
2974	17	ALAGOINHA DO PIAUI
2975	17	ALEGRETE DO PIAUI
2976	17	ALTO LONGA
2977	17	ALTOS
2978	17	ALVORADA DO GURGUEIA
2979	17	AMARANTE
2980	17	ANGICAL DO PIAUI
2981	17	ANISIO DE ABREU
2982	17	ANTONIO ALMEIDA
2983	17	AROAZES
2984	17	AROEIRAS DO ITAIM
2985	17	ARRAIAL
2986	17	ASSUNCAO DO PIAUI
2987	17	AVELINO LOPES
2988	17	BAIXA GRANDE DO RIBEIRO
2989	17	BARRA DALCANTARA
2990	17	BARRAS
2991	17	BARREIRAS DO PIAUI
2992	17	BARRO DURO
2993	17	BATALHA
2994	17	BELA VISTA DO PIAUI
2995	17	BELEM DO PIAUI
2996	17	BENEDITINOS
2997	17	BERTOLINIA
2998	17	BETANIA DO PIAUI
2999	17	BOA HORA
3000	17	BOCAINA
3001	17	BOM JESUS
3002	17	BOM PRINCIPIO DO PIAUI
3003	17	BONFIM DO PIAUI
3004	17	BOQUEIRAO DO PIAUI
3005	17	BRASILEIRA
3006	17	BREJO DO PIAUI
3007	17	BURITI DOS LOPES
3008	17	BURITI DOS MONTES
3009	17	CABECEIRAS DO PIAUI
3010	17	CAJAZEIRAS DO PIAUI
3011	17	CAJUEIRO DA PRAIA
3012	17	CALDEIRAO GRANDE DO PIAUI
3013	17	CAMPINAS DO PIAUI
3014	17	CAMPO ALEGRE DO FIDALGO
3015	17	CAMPO GRANDE DO PIAUI
3016	17	CAMPO LARGO DO PIAUI
3017	17	CAMPO MAIOR
3018	17	CANAVIEIRA
3019	17	CANTO DO BURITI
3020	17	CAPITAO DE CAMPOS
3021	17	CAPITAO GERVASIO OLIVEIRA
3022	17	CARACOL
3023	17	CARAUBAS DO PIAUI
3024	17	CARIDADE DO PIAUI
3025	17	CASTELO DO PIAUI
3026	17	CAXINGO
3027	17	COCAL
3028	17	COCAL DE TELHA
3029	17	COCAL DOS ALVES
3030	17	COIVARAS
3031	17	COLONIA DO GURGUEIA
3032	17	COLONIA DO PIAUI
3033	17	CONCEICAO DO CANINDE
3034	17	CORONEL JOSE DIAS
3035	17	CORRENTE
3036	17	CRISTALANDIA DO PIAUI
3037	17	CRISTINO CASTRO
3038	17	CURIMATA
3039	17	CURRAIS
3040	17	CURRAL NOVO DO PIAUI
3041	17	CURRALINHOS
3042	17	DEMERVAL LOBAO
3043	17	DIRCEU ARCOVERDE
3044	17	DOM EXPEDITO LOPES
3045	17	DOM INOCENCIO
3046	17	DOMINGOS MOURAO
3047	17	ELESBAO VELOSO
3048	17	ELISEU MARTINS
3049	17	ESPERANTINA
3050	17	FARTURA DO PIAUI
3051	17	FLORES DO PIAUI
3052	17	FLORESTA DO PIAUI
3053	17	FLORIANO
3054	17	FRANCINOPOLIS
3055	17	FRANCISCO AYRES
3056	17	FRANCISCO MACEDO
3057	17	FRANCISCO SANTOS
3058	17	FRONTEIRAS
3059	17	GEMINIANO
3060	17	GILBUES
3061	17	GUADALUPE
3062	17	GUARIBAS
3063	17	HUGO NAPOLEAO
3064	17	ILHA GRANDE
3065	17	INHUMA
3066	17	IPIRANGA DO PIAUI
3067	17	ISAIAS COELHO
3068	17	ITAINOPOLIS
3069	17	ITAUEIRA
3070	17	JACOBINA DO PIAUI
3071	17	JAICOS
3072	17	JARDIM DO MULATO
3073	17	JATOBA DO PIAUI
3074	17	JERUMENHA
3075	17	JOAO COSTA
3076	17	JOAQUIM PIRES
3077	17	JOCA MARQUES
3078	17	JOSE DE FREITAS
3079	17	JUAZEIRO DO PIAUI
3080	17	JULIO BORGES
3081	17	JUREMA
3082	17	LAGOA ALEGRE
3083	17	LAGOA DE SAO FRANCISCO
3084	17	LAGOA DO BARRO DO PIAUI
3085	17	LAGOA DO PIAUI
3086	17	LAGOA DO SITIO
3087	17	LAGOINHA DO PIAUI
3088	17	LANDRI SALES
3089	17	LUIS CORREIA
3090	17	LUZILANDIA
3091	17	MADEIRO
3092	17	MANOEL EMIDIO
3093	17	MARCOLANDIA
3094	17	MARCOS PARENTE
3095	17	MASSAPE DO PIAUI
3096	17	MATIAS OLIMPIO
3097	17	MIGUEL ALVES
3098	17	MIGUEL LEAO
3099	17	MILTON BRANDAO
3100	17	MONSENHOR GIL
3101	17	MONSENHOR HIPOLITO
3102	17	MONTE ALEGRE DO PIAUI
3103	17	MORRO CABECA NO TEMPO
3104	17	MORRO DO CHAPEU DO PIAUI
3105	17	MURICI DOS PORTELAS
3106	17	NAZARE DO PIAUI
3107	17	NAZARIA
3108	17	NOSSA SENHORA DE NAZARE
3109	17	NOSSA SENHORA DOS REMEDIOS
3110	17	NOVA SANTA RITA
3111	17	NOVO ORIENTE DO PIAUI
3112	17	NOVO SANTO ANTONIO
3113	17	OEIRAS
3114	17	OLHO DAGUA DO PIAUI
3115	17	PADRE MARCOS
3116	17	PAES LANDIM
3117	17	PAJEU DO PIAUI
3118	17	PALMEIRA DO PIAUI
3119	17	PALMEIRAIS
3120	17	PAQUETA
3121	17	PARNAGUA
3122	17	PARNAIBA
3123	17	PASSAGEM FRANCA DO PIAUI
3124	17	PATOS DO PIAUI
3125	17	PAU D`ARCO DO PIAUI
3126	17	PAULISTANA
3127	17	PAVUSSU
3128	17	PEDRO II
3129	17	PEDRO LAURENTINO
3130	17	PICOS
3131	17	PIMENTEIRAS
3132	17	PIO IX
3133	17	PIRACURUCA
3134	17	PIRIPIRI
3135	17	PORTO
3136	17	PORTO ALEGRE DO PIAUI
3137	17	PRATA DO PIAUI
3138	17	QUEIMADA NOVA
3139	17	REDENCAO DO GURGUEIA
3140	17	REGENERACAO
3141	17	RIACHO FRIO
3142	17	RIBEIRA DO PIAUI
3143	17	RIBEIRO GONCALVES
3144	17	RIO GRANDE DO PIAUI
3145	17	SANTA CRUZ DO PIAUI
3146	17	SANTA CRUZ DOS MILAGRES
3147	17	SANTA FILOMENA
3148	17	SANTA LUZ
3149	17	SANTA ROSA DO PIAUI
3150	17	SANTANA DO PIAUI
3151	17	SANTO ANTONIO DE LISBOA
3152	17	SANTO ANTONIO DOS MILAGRES
3153	17	SANTO INACIO DO PIAUI
3154	17	SAO BRAZ DO PIAUI
3155	17	SAO FELIX DO PIAUI
3156	17	SAO FRANCISCO DE ASSIS DO PIAUI
3157	17	SAO FRANCISCO DO PIAUI
3158	17	SAO GONCALO DO GURGUEIA
3159	17	SAO GONCALO DO PIAUI
3160	17	SAO JOAO DA CANABRAVA
3161	17	SAO JOAO DA FRONTEIRA
3162	17	SAO JOAO DA SERRA
3163	17	SAO JOAO DA VARJOTA
3164	17	SAO JOAO DO ARRAIAL
3165	17	SAO JOAO DO PIAUI
3166	17	SAO JOSE DO DIVINO
3167	17	SAO JOSE DO PEIXE
3168	17	SAO JOSE DO PIAUI
3169	17	SAO JULIAO
3170	17	SAO LOURENCO DO PIAUI
3171	17	SAO LUIS DO PIAUI
3172	17	SAO MIGUEL DA BAIXA GRANDE
3173	17	SAO MIGUEL DO FIDALGO
3174	17	SAO MIGUEL DO TAPUIO
3175	17	SAO PEDRO DO PIAUI
3176	17	SAO RAIMUNDO NONATO
3177	17	SEBASTIAO BARROS
3178	17	SEBASTIAO LEAL
3179	17	SIGEFREDO PACHECO
3180	17	SIMOES
3181	17	SIMPLICIO MENDES
3182	17	SOCORRO DO PIAUI
3183	17	SUSSUAPARA
3184	17	TAMBORIL DO PIAUI
3185	17	TANQUE DO PIAUI
3186	17	TERESINA
3187	17	UNIAO
3188	17	URUCUI
3189	17	VALENCA DO PIAUI
3190	17	VARZEA BRANCA
3191	17	VARZEA GRANDE
3192	17	VERA MENDES
3193	17	VILA NOVA DO PIAUI
3194	17	WALL FERRAZ
3195	18	ABATIA
3196	18	ADRIANOPOLIS
3197	18	AGUDOS DO SUL
3198	18	ALMIRANTE TAMANDARE
3199	18	ALTAMIRA DO PARANA
3200	18	ALTO PARAISO
3201	18	ALTO PARANA
3202	18	ALTO PIQUIRI
3203	18	ALTONIA
3204	18	ALVORADA DO SUL
3205	18	AMAPORA
3206	18	AMPERE
3207	18	ANAHY
3208	18	ANDIRA
3209	18	ANGULO
3210	18	ANTONINA
3211	18	ANTONIO OLINTO
3212	18	APUCARANA
3213	18	ARAPONGAS
3214	18	ARAPOTI
3215	18	ARAPUA
3216	18	ARARUNA
3217	18	ARAUCARIA
3218	18	ARIRANHA DO IVAI
3219	18	ASSAI
3220	18	ASSIS CHATEAUBRIAND
3221	18	ASTORGA
3222	18	ATALAIA
3223	18	BALSA NOVA
3224	18	BANDEIRANTES
3225	18	BARBOSA FERRAZ
3226	18	BARRA DO JACARE
3227	18	BARRACAO
3228	18	BELA VISTA DA CAROBA
3229	18	BELA VISTA DO PARAISO
3230	18	BITURUNA
3231	18	BOA ESPERANCA
3232	18	BOA ESPERANCA DO IGUACU
3233	18	BOA VENTURA DE SAO ROQUE
3234	18	BOA VISTA DA APARECIDA
3235	18	BOCAIUVA DO SUL
3236	18	BOM JESUS DO SUL
3237	18	BOM SUCESSO
3238	18	BOM SUCESSO DO SUL
3239	18	BORRAZOPOLIS
3240	18	BRAGANEY
3241	18	BRASILANDIA DO SUL
3242	18	CAFEARA
3243	18	CAFELANDIA
3244	18	CAFEZAL DO SUL
3245	18	CALIFORNIA
3246	18	CAMBARA
3247	18	CAMBE
3248	18	CAMBIRA
3249	18	CAMPINA DA LAGOA
3250	18	CAMPINA DO SIMAO
3251	18	CAMPINA GRANDE DO SUL
3252	18	CAMPO BONITO
3253	18	CAMPO DO TENENTE
3254	18	CAMPO LARGO
3255	18	CAMPO MAGRO
3256	18	CAMPO MOURAO
3257	18	CANDIDO DE ABREU
3258	18	CANDOI
3259	18	CANTAGALO
3260	18	CAPANEMA
3261	18	CAPITAO LEONIDAS MARQUES
3262	18	CARAMBEI
3263	18	CARLOPOLIS
3264	18	CASCAVEL
3265	18	CASTRO
3266	18	CATANDUVAS
3267	18	CENTENARIO DO SUL
3268	18	CERRO AZUL
3269	18	CEU AZUL
3270	18	CHOPINZINHO
3271	18	CIANORTE
3272	18	CIDADE GAUCHA
3273	18	CLEVELANDIA
3274	18	COLOMBO
3275	18	COLORADO
3276	18	CONGONHINHAS
3277	18	CONSELHEIRO MAIRINCK
3278	18	CONTENDA
3279	18	CORBELIA
3280	18	CORNELIO PROCOPIO
3281	18	CORONEL DOMINGOS SOARES
3282	18	CORONEL VIVIDA
3283	18	CORUMBATAI DO SUL
3284	18	CRUZ MACHADO
3285	18	CRUZEIRO DO IGUACU
3286	18	CRUZEIRO DO OESTE
3287	18	CRUZEIRO DO SUL
3288	18	CRUZMALTINA
3289	18	CURITIBA
3290	18	CURIUVA
3291	18	DIAMANTE DO NORTE
3292	18	DIAMANTE DO SUL
3293	18	DIAMANTE D`OESTE
3294	18	DOIS VIZINHOS
3295	18	DOURADINA
3296	18	DOUTOR CAMARGO
3297	18	DOUTOR ULYSSES
3298	18	ENEAS MARQUES
3299	18	ENGENHEIRO BELTRAO
3300	18	ENTRE RIOS DO OESTE
3301	18	ESPERANCA NOVA
3302	18	ESPIGAO ALTO DO IGUACU
3303	18	FAROL
3304	18	FAXINAL
3305	18	FAZENDA RIO GRANDE
3306	18	FENIX
3307	18	FERNANDES PINHEIRO
3308	18	FIGUEIRA
3309	18	FLOR DA SERRA DO SUL
3310	18	FLORAI
3311	18	FLORESTA
3312	18	FLORESTOPOLIS
3313	18	FLORIDA
3314	18	FORMOSA DO OESTE
3315	18	FOZ DO IGUACU
3316	18	FOZ DO JORDAO
3317	18	FRANCISCO ALVES
3318	18	FRANCISCO BELTRAO
3319	18	GENERAL CARNEIRO
3320	18	GODOY MOREIRA
3321	18	GOIOERE
3322	18	GOIOXIM
3323	18	GRANDES RIOS
3324	18	GUAIRA
3325	18	GUAIRACA
3326	18	GUAMIRANGA
3327	18	GUAPIRAMA
3328	18	GUAPOREMA
3329	18	GUARACI
3330	18	GUARANIACU
3331	18	GUARAPUAVA
3332	18	GUARAQUECABA
3333	18	GUARATUBA
3334	18	HONORIO SERPA
3335	18	IBAITI
3336	18	IBEMA
3337	18	IBIPORA
3338	18	ICARAIMA
3339	18	IGUARACU
3340	18	IGUATU
3341	18	IMBAU
3342	18	IMBITUVA
3343	18	INACIO MARTINS
3344	18	INAJA
3345	18	INDIANOPOLIS
3346	18	IPIRANGA
3347	18	IPORA
3348	18	IRACEMA DO OESTE
3349	18	IRATI
3350	18	IRETAMA
3351	18	ITAGUAJE
3352	18	ITAIPULANDIA
3353	18	ITAMBARACA
3354	18	ITAMBE
3355	18	ITAPEJARA D`OESTE
3356	18	ITAPERUCU
3357	18	ITAUNA DO SUL
3358	18	IVAI
3359	18	IVAIPORA
3360	18	IVATE
3361	18	IVATUBA
3362	18	JABOTI
3363	18	JACAREZINHO
3364	18	JAGUAPITA
3365	18	JAGUARIAIVA
3366	18	JANDAIA DO SUL
3367	18	JANIOPOLIS
3368	18	JAPIRA
3369	18	JAPURA
3370	18	JARDIM ALEGRE
3371	18	JARDIM OLINDA
3372	18	JATAIZINHO
3373	18	JESUITAS
3374	18	JOAQUIM TAVORA
3375	18	JUNDIAI DO SUL
3376	18	JURANDA
3377	18	JUSSARA
3378	18	KALORE
3379	18	LAPA
3380	18	LARANJAL
3381	18	LARANJEIRAS DO SUL
3382	18	LEOPOLIS
3383	18	LIDIANOPOLIS
3384	18	LINDOESTE
3385	18	LOANDA
3386	18	LOBATO
3387	18	LONDRINA
3388	18	LUIZIANA
3389	18	LUNARDELLI
3390	18	LUPIONOPOLIS
3391	18	MALLET
3392	18	MAMBORE
3393	18	MANDAGUACU
3394	18	MANDAGUARI
3395	18	MANDIRITUBA
3396	18	MANFRINOPOLIS
3397	18	MANGUEIRINHA
3398	18	MANOEL RIBAS
3399	18	MARECHAL CANDIDO RONDON
3400	18	MARIA HELENA
3401	18	MARIALVA
3402	18	MARILANDIA DO SUL
3403	18	MARILENA
3404	18	MARILUZ
3405	18	MARINGA
3406	18	MARIOPOLIS
3407	18	MARIPA
3408	18	MARMELEIRO
3409	18	MARQUINHO
3410	18	MARUMBI
3411	18	MATELANDIA
3412	18	MATINHOS
3413	18	MATO RICO
3414	18	MAUA DA SERRA
3415	18	MEDIANEIRA
3416	18	MERCEDES
3417	18	MIRADOR
3418	18	MIRASELVA
3419	18	MISSAL
3420	18	MOREIRA SALES
3421	18	MORRETES
3422	18	MUNHOZ DE MELO
3423	18	NOSSA SENHORA DAS GRACAS
3424	18	NOVA ALIANCA DO IVAI
3425	18	NOVA AMERICA DA COLINA
3426	18	NOVA AURORA
3427	18	NOVA CANTU
3428	18	NOVA ESPERANCA
3429	18	NOVA ESPERANCA DO SUDOESTE
3430	18	NOVA FATIMA
3431	18	NOVA LARANJEIRAS
3432	18	NOVA LONDRINA
3433	18	NOVA OLIMPIA
3434	18	NOVA PRATA DO IGUACU
3435	18	NOVA SANTA BARBARA
3436	18	NOVA SANTA ROSA
3437	18	NOVA TEBAS
3438	18	NOVO ITACOLOMI
3439	18	ORTIGUEIRA
3440	18	OURIZONA
3441	18	OURO VERDE DO OESTE
3442	18	PAICANDU
3443	18	PALMAS
3444	18	PALMEIRA
3445	18	PALMITAL
3446	18	PALOTINA
3447	18	PARAISO DO NORTE
3448	18	PARANACITY
3449	18	PARANAGUA
3450	18	PARANAPOEMA
3451	18	PARANAVAI
3452	18	PATO BRAGADO
3453	18	PATO BRANCO
3454	18	PAULA FREITAS
3455	18	PAULO FRONTIN
3456	18	PEABIRU
3457	18	PEROBAL
3458	18	PEROLA
3459	18	PEROLA D`OESTE
3460	18	PIEN
3461	18	PINHAIS
3462	18	PINHAL DE SAO BENTO
3463	18	PINHALAO
3464	18	PINHAO
3465	18	PIRAI DO SUL
3466	18	PIRAQUARA
3467	18	PITANGA
3468	18	PITANGUEIRAS
3469	18	PLANALTINA DO PARANA
3470	18	PLANALTO
3471	18	PONTA GROSSA
3472	18	PONTAL DO PARANA
3473	18	PORECATU
3474	18	PORTO AMAZONAS
3475	18	PORTO BARREIRO
3476	18	PORTO RICO
3477	18	PORTO VITORIA
3478	18	PRADO FERREIRA
3479	18	PRANCHITA
3480	18	PRESIDENTE CASTELO BRANCO
3481	18	PRIMEIRO DE MAIO
3482	18	PRUDENTOPOLIS
3483	18	QUARTO CENTENARIO
3484	18	QUATIGUA
3485	18	QUATRO BARRAS
3486	18	QUATRO PONTES
3487	18	QUEDAS DO IGUACU
3488	18	QUERENCIA DO NORTE
3489	18	QUINTA DO SOL
3490	18	QUITANDINHA
3491	18	RAMILANDIA
3492	18	RANCHO ALEGRE
3493	18	RANCHO ALEGRE D`OESTE
3494	18	REALEZA
3495	18	REBOUCAS
3496	18	RENASCENCA
3497	18	RESERVA
3498	18	RESERVA DO IGUACU
3499	18	RIBEIRAO CLARO
3500	18	RIBEIRAO DO PINHAL
3501	18	RIO AZUL
3502	18	RIO BOM
3503	18	RIO BONITO DO IGUACU
3504	18	RIO BRANCO DO IVAI
3505	18	RIO BRANCO DO SUL
3506	18	RIO NEGRO
3507	18	ROLANDIA
3508	18	RONCADOR
3509	18	RONDON
3510	18	ROSARIO DO IVAI
3511	18	SABAUDIA
3512	18	SALGADO FILHO
3513	18	SALTO DO ITARARE
3514	18	SALTO DO LONTRA
3515	18	SANTA AMELIA
3516	18	SANTA CECILIA DO PAVAO
3517	18	SANTA CRUZ DE MONTE CASTELO
3518	18	SANTA FE
3519	18	SANTA HELENA
3520	18	SANTA INES
3521	18	SANTA ISABEL DO IVAI
3522	18	SANTA IZABEL DO OESTE
3523	18	SANTA LUCIA
3524	18	SANTA MARIA DO OESTE
3525	18	SANTA MARIANA
3526	18	SANTA MONICA
3527	18	SANTA TEREZA DO OESTE
3528	18	SANTA TEREZINHA DE ITAIPU
3529	18	SANTANA DO ITARARE
3530	18	SANTO ANTONIO DA PLATINA
3531	18	SANTO ANTONIO DO CAIUA
3532	18	SANTO ANTONIO DO PARAISO
3533	18	SANTO ANTONIO DO SUDOESTE
3534	18	SANTO INACIO
3535	18	SAO CARLOS DO IVAI
3536	18	SAO JERONIMO DA SERRA
3537	18	SAO JOAO
3538	18	SAO JOAO DO CAIUA
3539	18	SAO JOAO DO IVAI
3540	18	SAO JOAO DO TRIUNFO
3541	18	SAO JORGE DO IVAI
3542	18	SAO JORGE DO PATROCINIO
3543	18	SAO JORGE D`OESTE
3544	18	SAO JOSE DA BOA VISTA
3545	18	SAO JOSE DAS PALMEIRAS
3546	18	SAO JOSE DOS PINHAIS
3547	18	SAO MANOEL DO PARANA
3548	18	SAO MATEUS DO SUL
3549	18	SAO MIGUEL DO IGUACU
3550	18	SAO PEDRO DO IGUACU
3551	18	SAO PEDRO DO IVAI
3552	18	SAO PEDRO DO PARANA
3553	18	SAO SEBASTIAO DA AMOREIRA
3554	18	SAO TOME
3555	18	SAPOPEMA
3556	18	SARANDI
3557	18	SAUDADE DO IGUACU
3558	18	SENGES
3559	18	SERRANOPOLIS DO IGUACU
3560	18	SERTANEJA
3561	18	SERTANOPOLIS
3562	18	SIQUEIRA CAMPOS
3563	18	SULINA
3564	18	TAMARANA
3565	18	TAMBOARA
3566	18	TAPEJARA
3567	18	TAPIRA
3568	18	TEIXEIRA SOARES
3569	18	TELEMACO BORBA
3570	18	TERRA BOA
3571	18	TERRA RICA
3572	18	TERRA ROXA
3573	18	TIBAGI
3574	18	TIJUCAS DO SUL
3575	18	TOLEDO
3576	18	TOMAZINA
3577	18	TRES BARRAS DO PARANA
3578	18	TUNAS DO PARANA
3579	18	TUNEIRAS DO OESTE
3580	18	TUPASSI
3581	18	TURVO
3582	18	UBIRATA
3583	18	UMUARAMA
3584	18	UNIAO DA VITORIA
3585	18	UNIFLOR
3586	18	URAI
3587	18	VENTANIA
3588	18	VERA CRUZ DO OESTE
3589	18	VERE
3590	18	VIRMOND
3591	18	VITORINO
3592	18	WENCESLAU BRAZ
3593	18	XAMBRE
3594	19	ANGRA DOS REIS
3595	19	APERIBE
3596	19	ARARUAMA
3597	19	AREAL
3598	19	ARMACAO DOS BUZIOS
3599	19	ARRAIAL DO CABO
3600	19	BARRA DO PIRAI
3601	19	BARRA MANSA
3602	19	BELFORD ROXO
3603	19	BOM JARDIM
3604	19	BOM JESUS DO ITABAPOANA
3605	19	CABO FRIO
3606	19	CACHOEIRAS DE MACACU
3607	19	CAMBUCI
3608	19	CAMPOS DOS GOYTACAZES
3609	19	CANTAGALO
3610	19	CARAPEBUS
3611	19	CARDOSO MOREIRA
3612	19	CARMO
3613	19	CASIMIRO DE ABREU
3614	19	COMENDADOR LEVY GASPARIAN
3615	19	CONCEICAO DE MACABU
3616	19	CORDEIRO
3617	19	DUAS BARRAS
3618	19	DUQUE DE CAXIAS
3619	19	ENGENHEIRO PAULO DE FRONTIN
3620	19	GUAPIMIRIM
3621	19	IGUABA GRANDE
3622	19	ITABORAI
3623	19	ITAGUAI
3624	19	ITALVA
3625	19	ITAOCARA
3626	19	ITAPERUNA
3627	19	ITATIAIA
3628	19	JAPERI
3629	19	LAJE DO MURIAE
3630	19	MACAE
3631	19	MACUCO
3632	19	MAGE
3633	19	MANGARATIBA
3634	19	MARICA
3635	19	MENDES
3636	19	MESQUITA
3637	19	MIGUEL PEREIRA
3638	19	MIRACEMA
3639	19	NATIVIDADE
3640	19	NILOPOLIS
3641	19	NITEROI
3642	19	NOVA FRIBURGO
3643	19	NOVA IGUACU
3644	19	PARACAMBI
3645	19	PARAIBA DO SUL
3646	19	PARATY
3647	19	PATY DO ALFERES
3648	19	PETROPOLIS
3649	19	PINHEIRAL
3650	19	PIRAI
3651	19	PORCIUNCULA
3652	19	PORTO REAL
3653	19	QUATIS
3654	19	QUEIMADOS
3655	19	QUISSAMA
3656	19	RESENDE
3657	19	RIO BONITO
3658	19	RIO CLARO
3659	19	RIO DAS FLORES
3660	19	RIO DAS OSTRAS
3661	19	RIO DE JANEIRO
3662	19	SANTA MARIA MADALENA
3663	19	SANTO ANTÔNIO DE PADUA
3664	19	SAO FIDELIS
3665	19	SAO FRANCISCO DE ITABAPOANA
3666	19	SAO GONCALO
3667	19	SAO JOAO DA BARRA
3668	19	SAO JOAO DE MERITI
3669	19	SAO JOSE DE UBA
3670	19	SAO JOSE DO VALE DO RIO PRETO
3671	19	SAO PEDRO DA ALDEIA
3672	19	SAO SEBASTIAO DO ALTO
3673	19	SAPUCAIA
3674	19	SAQUAREMA
3675	19	SEROPEDICA
3676	19	SILVA JARDIM
3677	19	SUMIDOURO
3678	19	TANGUA
3679	19	TERESOPOLIS
3680	19	TRAJANO DE MORAES
3681	19	TRES RIOS
3682	19	VALENCA
3683	19	VARRE-SAI
3684	19	VASSOURAS
3685	19	VOLTA REDONDA
3686	20	ACARI
3687	20	ACU
3688	20	AFONSO BEZERRA
3689	20	AGUA NOVA
3690	20	ALEXANDRIA
3691	20	ALMINO AFONSO
3692	20	ALTO DO RODRIGUES
3693	20	ANGICOS
3694	20	ANTONIO MARTINS
3695	20	APODI
3696	20	AREIA BRANCA
3697	20	ARES
3698	20	AUGUSTO SEVERO
3699	20	BAIA FORMOSA
3700	20	BARAUNA
3701	20	BARCELONA
3702	20	BENTO FERNANDES
3703	20	BODO
3704	20	BOM JESUS
3705	20	BREJINHO
3706	20	CAICARA DO NORTE
3707	20	CAICARA DO RIO DO VENTO
3708	20	CAICO
3709	20	CAMPO REDONDO
3710	20	CANGUARETAMA
3711	20	CARAUBAS
3712	20	CARNAUBA DOS DANTAS
3713	20	CARNAUBAIS
3714	20	CEARA-MIRIM
3715	20	CERRO CORA
3716	20	CORONEL EZEQUIEL
3717	20	CORONEL JOAO PESSOA
3718	20	CRUZETA
3719	20	CURRAIS NOVOS
3720	20	DOUTOR SEVERIANO
3721	20	ENCANTO
3722	20	EQUADOR
3723	20	ESPIRITO SANTO
3724	20	EXTREMOZ
3725	20	FELIPE GUERRA
3726	20	FERNANDO PEDROZA
3727	20	FLORANIA
3728	20	FRANCISCO DANTAS
3729	20	FRUTUOSO GOMES
3730	20	GALINHOS
3731	20	GOIANINHA
3732	20	GOVERNADOR DIX-SEPT ROSADO
3733	20	GROSSOS
3734	20	GUAMARE
3735	20	IELMO MARINHO
3736	20	IPANGUACU
3737	20	IPUEIRA
3738	20	ITAJA
3739	20	ITAU
3740	20	JACANA
3741	20	JANDAIRA
3742	20	JANDUIS
3743	20	JANUARIO CICCO
3744	20	JAPI
3745	20	JARDIM DE ANGICOS
3746	20	JARDIM DE PIRANHAS
3747	20	JARDIM DO SERIDO
3748	20	JOAO CAMARA
3749	20	JOAO DIAS
3750	20	JOSE DA PENHA
3751	20	JUCURUTU
3752	20	JUNDIA
3753	20	LAGOA DE PEDRAS
3754	20	LAGOA DE VELHOS
3755	20	LAGOA DANTA
3756	20	LAGOA NOVA
3757	20	LAGOA SALGADA
3758	20	LAJES
3759	20	LAJES PINTADAS
3760	20	LUCRECIA
3761	20	LUIS GOMES
3762	20	MACAIBA
3763	20	MACAU
3764	20	MAJOR SALES
3765	20	MARCELINO VIEIRA
3766	20	MARTINS
3767	20	MAXARANGUAPE
3768	20	MESSIAS TARGINO
3769	20	MONTANHAS
3770	20	MONTE ALEGRE
3771	20	MONTE DAS GAMELEIRAS
3772	20	MOSSORO
3773	20	NATAL
3774	20	NISIA FLORESTA
3775	20	NOVA CRUZ
3776	20	OLHO-DAGUA DO BORGES
3777	20	OURO BRANCO
3778	20	PARANA
3779	20	PARAU
3780	20	PARAZINHO
3781	20	PARELHAS
3782	20	PARNAMIRIM
3783	20	PASSA E FICA
3784	20	PASSAGEM
3785	20	PATU
3786	20	PAU DOS FERROS
3787	20	PEDRA GRANDE
3788	20	PEDRA PRETA
3789	20	PEDRO AVELINO
3790	20	PEDRO VELHO
3791	20	PENDENCIAS
3792	20	PILOES
3793	20	POCO BRANCO
3794	20	PORTALEGRE
3795	20	PORTO DO MANGUE
3796	20	PUREZA
3797	20	RAFAEL FERNANDES
3798	20	RAFAEL GODEIRO
3799	20	RIACHO DA CRUZ
3800	20	RIACHO DE SANTANA
3801	20	RIACHUELO
3802	20	RIO DO FOGO
3803	20	RODOLFO FERNANDES
3804	20	RUY BARBOSA
3805	20	SANTA CRUZ
3806	20	SANTA MARIA
3807	20	SANTANA DO MATOS
3808	20	SANTANA DO SERIDO
3809	20	SANTO ANTONIO
3810	20	SAO BENTO DO NORTE
3811	20	SAO BENTO DO TRAIRI
3812	20	SAO FERNANDO
3813	20	SAO FRANCISCO DO OESTE
3814	20	SAO GONCALO DO AMARANTE
3815	20	SAO JOAO DO SABUGI
3816	20	SAO JOSE DE MIPIBU
3817	20	SAO JOSE DO CAMPESTRE
3818	20	SAO JOSE DO SERIDO
3819	20	SAO MIGUEL
3820	20	SAO MIGUEL DO GOSTOSO
3821	20	SAO PAULO DO POTENGI
3822	20	SAO PEDRO
3823	20	SAO RAFAEL
3824	20	SAO TOME
3825	20	SAO VICENTE
3826	20	SENADOR ELOI DE SOUZA
3827	20	SENADOR GEORGINO AVELINO
3828	20	SERRA CAIADA
3829	20	SERRA DE SAO BENTO
3830	20	SERRA DO MEL
3831	20	SERRA NEGRA DO NORTE
3832	20	SERRINHA
3833	20	SERRINHA DOS PINTOS
3834	20	SEVERIANO MELO
3835	20	SITIO NOVO
3836	20	TABOLEIRO GRANDE
3837	20	TAIPU
3838	20	TANGARA
3839	20	TENENTE ANANIAS
3840	20	TENENTE LAURENTINO CRUZ
3841	20	TIBAU
3842	20	TIBAU DO SUL
3843	20	TIMBAUBA DOS BATISTAS
3844	20	TOUROS
3845	20	TRIUNFO POTIGUAR
3846	20	UMARIZAL
3847	20	UPANEMA
3848	20	VARZEA
3849	20	VENHA-VER
3850	20	VERA CRUZ
3851	20	VICOSA
3852	20	VILA FLOR
3853	21	ALTA FLORESTA DOESTE
3854	21	ALTO ALEGRE DOS PARECIS
3855	21	ALTO PARAISO
3856	21	ALVORADA DOESTE
3857	21	ARIQUEMES
3858	21	BURITIS
3859	21	CABIXI
3860	21	CACAULANDIA
3861	21	CACOAL
3862	21	CAMPO NOVO DE RONDONIA
3863	21	CANDEIAS DO JAMARI
3864	21	CASTANHEIRAS
3865	21	CEREJEIRAS
3866	21	CHUPINGUAIA
3867	21	COLORADO DO OESTE
3868	21	CORUMBIARA
3869	21	COSTA MARQUES
3870	21	CUJUBIM
3871	21	ESPIGAO DOESTE
3872	21	GOVERNADOR JORGE TEIXEIRA
3873	21	GUAJARA-MIRIM
3874	21	ITAPUA DO OESTE
3875	21	JARU
3876	21	JI-PARANA
3877	21	MACHADINHO DOESTE
3878	21	MINISTRO ANDREAZZA
3879	21	MIRANTE DA SERRA
3880	21	MONTE NEGRO
3881	21	NOVA BRASILANDIA DOESTE
3882	21	NOVA MAMORE
3883	21	NOVA UNIAO
3884	21	NOVO HORIZONTE DO OESTE
3885	21	OURO PRETO DO OESTE
3886	21	PARECIS
3887	21	PIMENTA BUENO
3888	21	PIMENTEIRAS DO OESTE
3889	21	PORTO VELHO
3890	21	PRESIDENTE MEDICI
3891	21	PRIMAVERA DE RONDONIA
3892	21	RIO CRESPO
3893	21	ROLIM DE MOURA
3894	21	SANTA LUZIA DOESTE
3895	21	SAO FELIPE DOESTE
3896	21	SAO FRANCISCO DO GUAPORE
3897	21	SAO MIGUEL DO GUAPORE
3898	21	SERINGUEIRAS
3899	21	TEIXEIROPOLIS
3900	21	THEOBROMA
3901	21	URUPA
3902	21	VALE DO ANARI
3903	21	VALE DO PARAISO
3904	21	VILHENA
3905	22	ALTO ALEGRE
3906	22	AMAJARI
3907	22	BOA VISTA
3908	22	BONFIM
3909	22	CANTA
3910	22	CARACARAI
3911	22	CAROEBE
3912	22	IRACEMA
3913	22	MUCAJAI
3914	22	NORMANDIA
3915	22	PACARAIMA
3916	22	RORAINOPOLIS
3917	22	SAO JOAO DA BALIZA
3918	22	SAO LUIZ
3919	22	UIRAMUTA
3920	23	ACEGUA
3921	23	AGUA SANTA
3922	23	AGUDO
3923	23	AJURICABA
3924	23	ALECRIM
3925	23	ALEGRETE
3926	23	ALEGRIA
3927	23	ALMIRANTE TAMANDARE DO SUL
3928	23	ALPESTRE
3929	23	ALTO ALEGRE
3930	23	ALTO FELIZ
3931	23	ALVORADA
3932	23	AMARAL FERRADOR
3933	23	AMETISTA DO SUL
3934	23	ANDRE DA ROCHA
3935	23	ANTA GORDA
3936	23	ANTONIO PRADO
3937	23	ARAMBARE
3938	23	ARARICA
3939	23	ARATIBA
3940	23	ARROIO DO MEIO
3941	23	ARROIO DO PADRE
3942	23	ARROIO DO SAL
3943	23	ARROIO DO TIGRE
3944	23	ARROIO DOS RATOS
3945	23	ARROIO GRANDE
3946	23	ARVOREZINHA
3947	23	AUGUSTO PESTANA
3948	23	AUREA
3949	23	BAGE
3950	23	BALNEARIO PINHAL
3951	23	BARAO
3952	23	BARAO DE COTEGIPE
3953	23	BARAO DO TRIUNFO
3954	23	BARRA DO GUARITA
3955	23	BARRA DO QUARAI
3956	23	BARRA DO RIBEIRO
3957	23	BARRA DO RIO AZUL
3958	23	BARRA FUNDA
3959	23	BARRACAO
3960	23	BARROS CASSAL
3961	23	BENJAMIN CONSTANT DO SUL
3962	23	BENTO GONCALVES
3963	23	BOA VISTA DAS MISSOES
3964	23	BOA VISTA DO BURICA
3965	23	BOA VISTA DO CADEADO
3966	23	BOA VISTA DO INCRA
3967	23	BOA VISTA DO SUL
3968	23	BOM JESUS
3969	23	BOM PRINCIPIO
3970	23	BOM PROGRESSO
3971	23	BOM RETIRO DO SUL
3972	23	BOQUEIRAO DO LEAO
3973	23	BOSSOROCA
3974	23	BOZANO
3975	23	BRAGA
3976	23	BROCHIER
3977	23	BUTIA
3978	23	CACAPAVA DO SUL
3979	23	CACEQUI
3980	23	CACHOEIRA DO SUL
3981	23	CACHOEIRINHA
3982	23	CACIQUE DOBLE
3983	23	CAIBATE
3984	23	CAICARA
3985	23	CAMAQUA
3986	23	CAMARGO
3987	23	CAMBARA DO SUL
3988	23	CAMPESTRE DA SERRA
3989	23	CAMPINA DAS MISSOES
3990	23	CAMPINAS DO SUL
3991	23	CAMPO BOM
3992	23	CAMPO NOVO
3993	23	CAMPOS BORGES
3994	23	CANDELARIA
3995	23	CANDIDO GODOI
3996	23	CANDIOTA
3997	23	CANELA
3998	23	CANGUCU
3999	23	CANOAS
4000	23	CANUDOS DO VALE
4001	23	CAPAO BONITO DO SUL
4002	23	CAPAO DA CANOA
4003	23	CAPAO DO CIPO
4004	23	CAPAO DO LEAO
4005	23	CAPELA DE SANTANA
4006	23	CAPITAO
4007	23	CAPIVARI DO SUL
4008	23	CARAA
4009	23	CARAZINHO
4010	23	CARLOS BARBOSA
4011	23	CARLOS GOMES
4012	23	CASCA
4013	23	CASEIROS
4014	23	CATUIPE
4015	23	CAXIAS DO SUL
4016	23	CENTENARIO
4017	23	CERRITO
4018	23	CERRO BRANCO
4019	23	CERRO GRANDE
4020	23	CERRO GRANDE DO SUL
4021	23	CERRO LARGO
4022	23	CHAPADA
4023	23	CHARQUEADAS
4024	23	CHARRUA
4025	23	CHIAPETTA
4026	23	CHUI
4027	23	CHUVISCA
4028	23	CIDREIRA
4029	23	CIRIACO
4030	23	COLINAS
4031	23	COLORADO
4032	23	CONDOR
4033	23	CONSTANTINA
4034	23	COQUEIRO BAIXO
4035	23	COQUEIROS DO SUL
4036	23	CORONEL BARROS
4037	23	CORONEL BICACO
4038	23	CORONEL PILAR
4039	23	COTIPORA
4040	23	COXILHA
4041	23	CRISSIUMAL
4042	23	CRISTAL
4043	23	CRISTAL DO SUL
4044	23	CRUZ ALTA
4045	23	CRUZALTENSE
4046	23	CRUZEIRO DO SUL
4047	23	DAVID CANABARRO
4048	23	DERRUBADAS
4049	23	DEZESSEIS DE NOVEMBRO
4050	23	DILERMANDO DE AGUIAR
4051	23	DOIS IRMAOS
4052	23	DOIS IRMAOS DAS MISSOES
4053	23	DOIS LAJEADOS
4054	23	DOM FELICIANO
4055	23	DOM PEDRITO
4056	23	DOM PEDRO DE ALCANTARA
4057	23	DONA FRANCISCA
4058	23	DOUTOR MAURICIO CARDOSO
4059	23	DOUTOR RICARDO
4060	23	ELDORADO DO SUL
4061	23	ENCANTADO
4062	23	ENCRUZILHADA DO SUL
4063	23	ENGENHO VELHO
4064	23	ENTRE RIOS DO SUL
4065	23	ENTRE-IJUIS
4066	23	EREBANGO
4067	23	ERECHIM
4068	23	ERNESTINA
4069	23	ERVAL GRANDE
4070	23	ERVAL SECO
4071	23	ESMERALDA
4072	23	ESPERANCA DO SUL
4073	23	ESPUMOSO
4074	23	ESTACAO
4075	23	ESTANCIA VELHA
4076	23	ESTEIO
4077	23	ESTRELA
4078	23	ESTRELA VELHA
4079	23	EUGENIO DE CASTRO
4080	23	FAGUNDES VARELA
4081	23	FARROUPILHA
4082	23	FAXINAL DO SOTURNO
4083	23	FAXINALZINHO
4084	23	FAZENDA VILANOVA
4085	23	FELIZ
4086	23	FLORES DA CUNHA
4087	23	FLORIANO PEIXOTO
4088	23	FONTOURA XAVIER
4089	23	FORMIGUEIRO
4090	23	FORQUETINHA
4091	23	FORTALEZA DOS VALOS
4092	23	FREDERICO WESTPHALEN
4093	23	GARIBALDI
4094	23	GARRUCHOS
4095	23	GAURAMA
4096	23	GENERAL CAMARA
4097	23	GENTIL
4098	23	GETULIO VARGAS
4099	23	GIRUA
4100	23	GLORINHA
4101	23	GRAMADO
4102	23	GRAMADO DOS LOUREIROS
4103	23	GRAMADO XAVIER
4104	23	GRAVATAI
4105	23	GUABIJU
4106	23	GUAIBA
4107	23	GUAPORE
4108	23	GUARANI DAS MISSOES
4109	23	HARMONIA
4110	23	HERVAL
4111	23	HERVEIRAS
4112	23	HORIZONTINA
4113	23	HULHA NEGRA
4114	23	HUMAITA
4115	23	IBARAMA
4116	23	IBIACA
4117	23	IBIRAIARAS
4118	23	IBIRAPUITA
4119	23	IBIRUBA
4120	23	IGREJINHA
4121	23	IJUI
4122	23	ILOPOLIS
4123	23	IMBE
4124	23	IMIGRANTE
4125	23	INDEPENDENCIA
4126	23	INHACORA
4127	23	IPE
4128	23	IPIRANGA DO SUL
4129	23	IRAI
4130	23	ITAARA
4131	23	ITACURUBI
4132	23	ITAPUCA
4133	23	ITAQUI
4134	23	ITATI
4135	23	ITATIBA DO SUL
4136	23	IVORA
4137	23	IVOTI
4138	23	JABOTICABA
4139	23	JACUIZINHO
4140	23	JACUTINGA
4141	23	JAGUARAO
4142	23	JAGUARI
4143	23	JAQUIRANA
4144	23	JARI
4145	23	JOIA
4146	23	JULIO DE CASTILHOS
4147	23	LAGOA BONITA DO SUL
4148	23	LAGOA DOS TRES CANTOS
4149	23	LAGOA VERMELHA
4150	23	LAGOAO
4151	23	LAJEADO
4152	23	LAJEADO DO BUGRE
4153	23	LAVRAS DO SUL
4154	23	LIBERATO SALZANO
4155	23	LINDOLFO COLLOR
4156	23	LINHA NOVA
4157	23	MACAMBARA
4158	23	MACHADINHO
4159	23	MAMPITUBA
4160	23	MANOEL VIANA
4161	23	MAQUINE
4162	23	MARATA
4163	23	MARAU
4164	23	MARCELINO RAMOS
4165	23	MARIANA PIMENTEL
4166	23	MARIANO MORO
4167	23	MARQUES DE SOUZA
4168	23	MATA
4169	23	MATO CASTELHANO
4170	23	MATO LEITAO
4171	23	MATO QUEIMADO
4172	23	MAXIMILIANO DE ALMEIDA
4173	23	MINAS DO LEAO
4174	23	MIRAGUAI
4175	23	MONTAURI
4176	23	MONTE ALEGRE DOS CAMPOS
4177	23	MONTE BELO DO SUL
4178	23	MONTENEGRO
4179	23	MORMACO
4180	23	MORRINHOS DO SUL
4181	23	MORRO REDONDO
4182	23	MORRO REUTER
4183	23	MOSTARDAS
4184	23	MUCUM
4185	23	MUITOS CAPOES
4186	23	MULITERNO
4187	23	NAO-ME-TOQUE
4188	23	NICOLAU VERGUEIRO
4189	23	NONOAI
4190	23	NOVA ALVORADA
4191	23	NOVA ARACA
4192	23	NOVA BASSANO
4193	23	NOVA BOA VISTA
4194	23	NOVA BRESCIA
4195	23	NOVA CANDELARIA
4196	23	NOVA ESPERANCA DO SUL
4197	23	NOVA HARTZ
4198	23	NOVA PADUA
4199	23	NOVA PALMA
4200	23	NOVA PETROPOLIS
4201	23	NOVA PRATA
4202	23	NOVA RAMADA
4203	23	NOVA ROMA DO SUL
4204	23	NOVA SANTA RITA
4205	23	NOVO BARREIRO
4206	23	NOVO CABRAIS
4207	23	NOVO HAMBURGO
4208	23	NOVO MACHADO
4209	23	NOVO TIRADENTES
4210	23	NOVO XINGU
4211	23	OSORIO
4212	23	PAIM FILHO
4213	23	PALMARES DO SUL
4214	23	PALMEIRA DAS MISSOES
4215	23	PALMITINHO
4216	23	PANAMBI
4217	23	PANTANO GRANDE
4218	23	PARAI
4219	23	PARAISO DO SUL
4220	23	PARECI NOVO
4221	23	PAROBE
4222	23	PASSA SETE
4223	23	PASSO DO SOBRADO
4224	23	PASSO FUNDO
4225	23	PAULO BENTO
4226	23	PAVERAMA
4227	23	PEDRAS ALTAS
4228	23	PEDRO OSORIO
4229	23	PEJUCARA
4230	23	PELOTAS
4231	23	PICADA CAFE
4232	23	PINHAL
4233	23	PINHAL DA SERRA
4234	23	PINHAL GRANDE
4235	23	PINHEIRINHO DO VALE
4236	23	PINHEIRO MACHADO
4237	23	PINTO BANDEIRA
4238	23	PIRAPO
4239	23	PIRATINI
4240	23	PLANALTO
4241	23	POCO DAS ANTAS
4242	23	PONTAO
4243	23	PONTE PRETA
4244	23	PORTAO
4245	23	PORTO ALEGRE
4246	23	PORTO LUCENA
4247	23	PORTO MAUA
4248	23	PORTO VERA CRUZ
4249	23	PORTO XAVIER
4250	23	POUSO NOVO
4251	23	PRESIDENTE LUCENA
4252	23	PROGRESSO
4253	23	PROTASIO ALVES
4254	23	PUTINGA
4255	23	QUARAI
4256	23	QUATRO IRMAOS
4257	23	QUEVEDOS
4258	23	QUINZE DE NOVEMBRO
4259	23	REDENTORA
4260	23	RELVADO
4261	23	RESTINGA SECA
4262	23	RIO DOS INDIOS
4263	23	RIO GRANDE
4264	23	RIO PARDO
4265	23	RIOZINHO
4266	23	ROCA SALES
4267	23	RODEIO BONITO
4268	23	ROLADOR
4269	23	ROLANTE
4270	23	RONDA ALTA
4271	23	RONDINHA
4272	23	ROQUE GONZALES
4273	23	ROSARIO DO SUL
4274	23	SAGRADA FAMILIA
4275	23	SALDANHA MARINHO
4276	23	SALTO DO JACUI
4277	23	SALVADOR DAS MISSOES
4278	23	SALVADOR DO SUL
4279	23	SANANDUVA
4280	23	SANTA BARBARA DO SUL
4281	23	SANTA CECILIA DO SUL
4282	23	SANTA CLARA DO SUL
4283	23	SANTA CRUZ DO SUL
4284	23	SANTA MARGARIDA DO SUL
4285	23	SANTA MARIA
4286	23	SANTA MARIA DO HERVAL
4287	23	SANTA ROSA
4288	23	SANTA TEREZA
4289	23	SANTA VITORIA DO PALMAR
4290	23	SANTANA DA BOA VISTA
4291	23	SANTANA DO LIVRAMENTO
4292	23	SANTIAGO
4293	23	SANTO ANGELO
4294	23	SANTO ANTONIO DA PATRULHA
4295	23	SANTO ANTONIO DAS MISSOES
4296	23	SANTO ANTONIO DO PALMA
4297	23	SANTO ANTONIO DO PLANALTO
4298	23	SANTO AUGUSTO
4299	23	SANTO CRISTO
4300	23	SANTO EXPEDITO DO SUL
4301	23	SAO BORJA
4302	23	SAO DOMINGOS DO SUL
4303	23	SAO FRANCISCO DE ASSIS
4304	23	SAO FRANCISCO DE PAULA
4305	23	SAO GABRIEL
4306	23	SAO JERONIMO
4307	23	SAO JOAO DA URTIGA
4308	23	SAO JOAO DO POLESINE
4309	23	SAO JORGE
4310	23	SAO JOSE DAS MISSOES
4311	23	SAO JOSE DO HERVAL
4312	23	SAO JOSE DO HORTENCIO
4313	23	SAO JOSE DO INHACORA
4314	23	SAO JOSE DO NORTE
4315	23	SAO JOSE DO OURO
4316	23	SAO JOSE DO SUL
4317	23	SAO JOSE DOS AUSENTES
4318	23	SAO LEOPOLDO
4319	23	SAO LOURENCO DO SUL
4320	23	SAO LUIZ GONZAGA
4321	23	SAO MARCOS
4322	23	SAO MARTINHO
4323	23	SAO MARTINHO DA SERRA
4324	23	SAO MIGUEL DAS MISSOES
4325	23	SAO NICOLAU
4326	23	SAO PAULO DAS MISSOES
4327	23	SAO PEDRO DA SERRA
4328	23	SAO PEDRO DAS MISSOES
4329	23	SAO PEDRO DO BUTIA
4330	23	SAO PEDRO DO SUL
4331	23	SAO SEBASTIAO DO CAI
4332	23	SAO SEPE
4333	23	SAO VALENTIM
4334	23	SAO VALENTIM DO SUL
4335	23	SAO VALERIO DO SUL
4336	23	SAO VENDELINO
4337	23	SAO VICENTE DO SUL
4338	23	SAPIRANGA
4339	23	SAPUCAIA DO SUL
4340	23	SARANDI
4341	23	SEBERI
4342	23	SEDE NOVA
4343	23	SEGREDO
4344	23	SELBACH
4345	23	SENADOR SALGADO FILHO
4346	23	SENTINELA DO SUL
4347	23	SERAFINA CORREA
4348	23	SERIO
4349	23	SERTAO
4350	23	SERTAO SANTANA
4351	23	SETE DE SETEMBRO
4352	23	SEVERIANO DE ALMEIDA
4353	23	SILVEIRA MARTINS
4354	23	SINIMBU
4355	23	SOBRADINHO
4356	23	SOLEDADE
4357	23	TABAI
4358	23	TAPEJARA
4359	23	TAPERA
4360	23	TAPES
4361	23	TAQUARA
4362	23	TAQUARI
4363	23	TAQUARUCU DO SUL
4364	23	TAVARES
4365	23	TENENTE PORTELA
4366	23	TERRA DE AREIA
4367	23	TEUTONIA
4368	23	TIO HUGO
4369	23	TIRADENTES DO SUL
4370	23	TOROPI
4371	23	TORRES
4372	23	TRAMANDAI
4373	23	TRAVESSEIRO
4374	23	TRES ARROIOS
4375	23	TRES CACHOEIRAS
4376	23	TRES COROAS
4377	23	TRES DE MAIO
4378	23	TRES FORQUILHAS
4379	23	TRES PALMEIRAS
4380	23	TRES PASSOS
4381	23	TRINDADE DO SUL
4382	23	TRIUNFO
4383	23	TUCUNDUVA
4384	23	TUNAS
4385	23	TUPANCI DO SUL
4386	23	TUPANCIRETA
4387	23	TUPANDI
4388	23	TUPARENDI
4389	23	TURUCU
4390	23	UBIRETAMA
4391	23	UNIAO DA SERRA
4392	23	UNISTALDA
4393	23	URUGUAIANA
4394	23	VACARIA
4395	23	VALE DO SOL
4396	23	VALE REAL
4397	23	VALE VERDE
4398	23	VANINI
4399	23	VENANCIO AIRES
4400	23	VERA CRUZ
4401	23	VERANOPOLIS
4402	23	VESPASIANO CORREA
4403	23	VIADUTOS
4404	23	VIAMAO
4405	23	VICENTE DUTRA
4406	23	VICTOR GRAEFF
4407	23	VILA FLORES
4408	23	VILA LANGARO
4409	23	VILA MARIA
4410	23	VILA NOVA DO SUL
4411	23	VISTA ALEGRE
4412	23	VISTA ALEGRE DO PRATA
4413	23	VISTA GAUCHA
4414	23	VITORIA DAS MISSOES
4415	23	WESTFALIA
4416	23	XANGRI-LA
4417	24	ABDON BATISTA
4418	24	ABELARDO LUZ
4419	24	AGROLANDIA
4420	24	AGRONOMICA
4421	24	AGUA DOCE
4422	24	AGUAS DE CHAPECO
4423	24	AGUAS FRIAS
4424	24	AGUAS MORNAS
4425	24	ALFREDO WAGNER
4426	24	ALTO BELA VISTA
4427	24	ANCHIETA
4428	24	ANGELINA
4429	24	ANITA GARIBALDI
4430	24	ANITAPOLIS
4431	24	ANTONIO CARLOS
4432	24	APIUNA
4433	24	ARABUTA
4434	24	ARAQUARI
4435	24	ARARANGUA
4436	24	ARMAZEM
4437	24	ARROIO TRINTA
4438	24	ARVOREDO
4439	24	ASCURRA
4440	24	ATALANTA
4441	24	AURORA
4442	24	BALNEARIO ARROIO DO SILVA
4443	24	BALNEARIO BARRA DO SUL
4444	24	BALNEARIO CAMBORIU
4445	24	BALNEARIO GAIVOTA
4446	24	BALNEARIO PICARRAS
4447	24	BALNEARIO RINCAO
4448	24	BANDEIRANTE
4449	24	BARRA BONITA
4450	24	BARRA VELHA
4451	24	BELA VISTA DO TOLDO
4452	24	BELMONTE
4453	24	BENEDITO NOVO
4454	24	BIGUACU
4455	24	BLUMENAU
4456	24	BOCAINA DO SUL
4457	24	BOM JARDIM DA SERRA
4458	24	BOM JESUS
4459	24	BOM JESUS DO OESTE
4460	24	BOM RETIRO
4461	24	BOMBINHAS
4462	24	BOTUVERA
4463	24	BRACO DO NORTE
4464	24	BRACO DO TROMBUDO
4465	24	BRUNOPOLIS
4466	24	BRUSQUE
4467	24	CACADOR
4468	24	CAIBI
4469	24	CALMON
4470	24	CAMBORIU
4471	24	CAMPO ALEGRE
4472	24	CAMPO BELO DO SUL
4473	24	CAMPO ERE
4474	24	CAMPOS NOVOS
4475	24	CANELINHA
4476	24	CANOINHAS
4477	24	CAPAO ALTO
4478	24	CAPINZAL
4479	24	CAPIVARI DE BAIXO
4480	24	CATANDUVAS
4481	24	CAXAMBU DO SUL
4482	24	CELSO RAMOS
4483	24	CERRO NEGRO
4484	24	CHAPADAO DO LAGEADO
4485	24	CHAPECO
4486	24	COCAL DO SUL
4487	24	CONCORDIA
4488	24	CORDILHEIRA ALTA
4489	24	CORONEL FREITAS
4490	24	CORONEL MARTINS
4491	24	CORREIA PINTO
4492	24	CORUPA
4493	24	CRICIUMA
4494	24	CUNHA PORA
4495	24	CUNHATAI
4496	24	CURITIBANOS
4497	24	DESCANSO
4498	24	DIONISIO CERQUEIRA
4499	24	DONA EMMA
4500	24	DOUTOR PEDRINHO
4501	24	ENTRE RIOS
4502	24	ERMO
4503	24	ERVAL VELHO
4504	24	FAXINAL DOS GUEDES
4505	24	FLOR DO SERTAO
4506	24	FLORIANOPOLIS
4507	24	FORMOSA DO SUL
4508	24	FORQUILHINHA
4509	24	FRAIBURGO
4510	24	FREI ROGERIO
4511	24	GALVAO
4512	24	GAROPABA
4513	24	GARUVA
4514	24	GASPAR
4515	24	GOVERNADOR CELSO RAMOS
4516	24	GRAO PARA
4517	24	GRAVATAL
4518	24	GUABIRUBA
4519	24	GUARACIABA
4520	24	GUARAMIRIM
4521	24	GUARUJA DO SUL
4522	24	GUATAMBU
4523	24	HERVAL DOESTE
4524	24	IBIAM
4525	24	IBICARE
4526	24	IBIRAMA
4527	24	ICARA
4528	24	ILHOTA
4529	24	IMARUI
4530	24	IMBITUBA
4531	24	IMBUIA
4532	24	INDAIAL
4533	24	IOMERE
4534	24	IPIRA
4535	24	IPORA DO OESTE
4536	24	IPUACU
4537	24	IPUMIRIM
4538	24	IRACEMINHA
4539	24	IRANI
4540	24	IRATI
4541	24	IRINEOPOLIS
4542	24	ITA
4543	24	ITAIOPOLIS
4544	24	ITAJAI
4545	24	ITAPEMA
4546	24	ITAPIRANGA
4547	24	ITAPOA
4548	24	ITUPORANGA
4549	24	JABORA
4550	24	JACINTO MACHADO
4551	24	JAGUARUNA
4552	24	JARAGUA DO SUL
4553	24	JARDINOPOLIS
4554	24	JOACABA
4555	24	JOINVILLE
4556	24	JOSE BOITEUX
4557	24	JUPIA
4558	24	LACERDOPOLIS
4559	24	LAGES
4560	24	LAGUNA
4561	24	LAJEADO GRANDE
4562	24	LAURENTINO
4563	24	LAURO MULLER
4564	24	LEBON REGIS
4565	24	LEOBERTO LEAL
4566	24	LINDOIA DO SUL
4567	24	LONTRAS
4568	24	LUIZ ALVES
4569	24	LUZERNA
4570	24	MACIEIRA
4571	24	MAFRA
4572	24	MAJOR GERCINO
4573	24	MAJOR VIEIRA
4574	24	MARACAJA
4575	24	MARAVILHA
4576	24	MAREMA
4577	24	MASSARANDUBA
4578	24	MATOS COSTA
4579	24	MELEIRO
4580	24	MIRIM DOCE
4581	24	MODELO
4582	24	MONDAI
4583	24	MONTE CARLO
4584	24	MONTE CASTELO
4585	24	MORRO DA FUMACA
4586	24	MORRO GRANDE
4587	24	NAVEGANTES
4588	24	NOVA ERECHIM
4589	24	NOVA ITABERABA
4590	24	NOVA TRENTO
4591	24	NOVA VENEZA
4592	24	NOVO HORIZONTE
4593	24	ORLEANS
4594	24	OTACILIO COSTA
4595	24	OURO
4596	24	OURO VERDE
4597	24	PAIAL
4598	24	PAINEL
4599	24	PALHOCA
4600	24	PALMA SOLA
4601	24	PALMEIRA
4602	24	PALMITOS
4603	24	PAPANDUVA
4604	24	PARAISO
4605	24	PASSO DE TORRES
4606	24	PASSOS MAIA
4607	24	PAULO LOPES
4608	24	PEDRAS GRANDES
4609	24	PENHA
4610	24	PERITIBA
4611	24	PESCARIA BRAVA
4612	24	PETROLANDIA
4613	24	PINHALZINHO
4614	24	PINHEIRO PRETO
4615	24	PIRATUBA
4616	24	PLANALTO ALEGRE
4617	24	POMERODE
4618	24	PONTE ALTA
4619	24	PONTE ALTA DO NORTE
4620	24	PONTE SERRADA
4621	24	PORTO BELO
4622	24	PORTO UNIAO
4623	24	POUSO REDONDO
4624	24	PRAIA GRANDE
4625	24	PRESIDENTE CASTELLO BRANCO
4626	24	PRESIDENTE GETULIO
4627	24	PRESIDENTE NEREU
4628	24	PRINCESA
4629	24	QUILOMBO
4630	24	RANCHO QUEIMADO
4631	24	RIO DAS ANTAS
4632	24	RIO DO CAMPO
4633	24	RIO DO OESTE
4634	24	RIO DO SUL
4635	24	RIO DOS CEDROS
4636	24	RIO FORTUNA
4637	24	RIO NEGRINHO
4638	24	RIO RUFINO
4639	24	RIQUEZA
4640	24	RODEIO
4641	24	ROMELANDIA
4642	24	SALETE
4643	24	SALTINHO
4644	24	SALTO VELOSO
4645	24	SANGAO
4646	24	SANTA CECILIA
4647	24	SANTA HELENA
4648	24	SANTA ROSA DE LIMA
4649	24	SANTA ROSA DO SUL
4650	24	SANTA TEREZINHA
4651	24	SANTA TEREZINHA DO PROGRESSO
4652	24	SANTIAGO DO SUL
4653	24	SANTO AMARO DA IMPERATRIZ
4654	24	SAO BENTO DO SUL
4655	24	SAO BERNARDINO
4656	24	SAO BONIFACIO
4657	24	SAO CARLOS
4658	24	SAO CRISTOVAO DO SUL
4659	24	SAO DOMINGOS
4660	24	SAO FRANCISCO DO SUL
4661	24	SAO JOAO BATISTA
4662	24	SAO JOAO DO ITAPERIU
4663	24	SAO JOAO DO OESTE
4664	24	SAO JOAO DO SUL
4665	24	SAO JOAQUIM
4666	24	SAO JOSE
4667	24	SAO JOSE DO CEDRO
4668	24	SAO JOSE DO CERRITO
4669	24	SAO LOURENCO DO OESTE
4670	24	SAO LUDGERO
4671	24	SAO MARTINHO
4672	24	SAO MIGUEL DA BOA VISTA
4673	24	SAO MIGUEL DO OESTE
4674	24	SAO PEDRO DE ALCANTARA
4675	24	SAUDADES
4676	24	SCHROEDER
4677	24	SEARA
4678	24	SERRA ALTA
4679	24	SIDEROPOLIS
4680	24	SOMBRIO
4681	24	SUL BRASIL
4682	24	TAIO
4683	24	TANGARA
4684	24	TIGRINHOS
4685	24	TIJUCAS
4686	24	TIMBE DO SUL
4687	24	TIMBO
4688	24	TIMBO GRANDE
4689	24	TRES BARRAS
4690	24	TREVISO
4691	24	TREZE DE MAIO
4692	24	TREZE TILIAS
4693	24	TROMBUDO CENTRAL
4694	24	TUBARAO
4695	24	TUNAPOLIS
4696	24	TURVO
4697	24	UNIAO DO OESTE
4698	24	URUBICI
4699	24	URUPEMA
4700	24	URUSSANGA
4701	24	VARGEAO
4702	24	VARGEM
4703	24	VARGEM BONITA
4704	24	VIDAL RAMOS
4705	24	VIDEIRA
4706	24	VITOR MEIRELES
4707	24	WITMARSUM
4708	24	XANXERE
4709	24	XAVANTINA
4710	24	XAXIM
4711	24	ZORTEA
4712	25	AMPARO DE SAO FRANCISCO
4713	25	AQUIDABA
4714	25	ARACAJU
4715	25	ARAUA
4716	25	AREIA BRANCA
4717	25	BARRA DOS COQUEIROS
4718	25	BOQUIM
4719	25	BREJO GRANDE
4720	25	CAMPO DO BRITO
4721	25	CANHOBA
4722	25	CANINDE DE SAO FRANCISCO
4723	25	CAPELA
4724	25	CARIRA
4725	25	CARMOPOLIS
4726	25	CEDRO DE SAO JOAO
4727	25	CRISTINAPOLIS
4728	25	CUMBE
4729	25	DIVINA PASTORA
4730	25	ESTANCIA
4731	25	FEIRA NOVA
4732	25	FREI PAULO
4733	25	GARARU
4734	25	GENERAL MAYNARD
4735	25	GRACHO CARDOSO
4736	25	ILHA DAS FLORES
4737	25	INDIAROBA
4738	25	ITABAIANA
4739	25	ITABAIANINHA
4740	25	ITABI
4741	25	ITAPORANGA DAJUDA
4742	25	JAPARATUBA
4743	25	JAPOATA
4744	25	LAGARTO
4745	25	LARANJEIRAS
4746	25	MACAMBIRA
4747	25	MALHADA DOS BOIS
4748	25	MALHADOR
4749	25	MARUIM
4750	25	MOITA BONITA
4751	25	MONTE ALEGRE DE SERGIPE
4752	25	MURIBECA
4753	25	NEOPOLIS
4754	25	NOSSA SENHORA APARECIDA
4755	25	NOSSA SENHORA DA GLORIA
4756	25	NOSSA SENHORA DAS DORES
4757	25	NOSSA SENHORA DE LOURDES
4758	25	NOSSA SENHORA DO SOCORRO
4759	25	PACATUBA
4760	25	PEDRA MOLE
4761	25	PEDRINHAS
4762	25	PINHAO
4763	25	PIRAMBU
4764	25	POCO REDONDO
4765	25	POCO VERDE
4766	25	PORTO DA FOLHA
4767	25	PROPRIA
4768	25	RIACHAO DO DANTAS
4769	25	RIACHUELO
4770	25	RIBEIROPOLIS
4771	25	ROSARIO DO CATETE
4772	25	SALGADO
4773	25	SANTA LUZIA DO ITANHY
4774	25	SANTA ROSA DE LIMA
4775	25	SANTANA DO SAO FRANCISCO
4776	25	SANTO AMARO DAS BROTAS
4777	25	SAO CRISTOVAO
4778	25	SAO DOMINGOS
4779	25	SAO FRANCISCO
4780	25	SAO MIGUEL DO ALEIXO
4781	25	SIMAO DIAS
4782	25	SIRIRI
4783	25	TELHA
4784	25	TOBIAS BARRETO
4785	25	TOMAR DO GERU
4786	25	UMBAUBA
4787	26	ADAMANTINA
4788	26	ADOLFO
4789	26	AGUAI
4790	26	AGUAS DA PRATA
4791	26	AGUAS DE LINDOIA
4792	26	AGUAS DE SANTA BARBARA
4793	26	AGUAS DE SAO PEDRO
4794	26	AGUDOS
4795	26	ALAMBARI
4796	26	ALFREDO MARCONDES
4797	26	ALTAIR
4798	26	ALTINOPOLIS
4799	26	ALTO ALEGRE
4800	26	ALUMINIO
4801	26	ALVARES FLORENCE
4802	26	ALVARES MACHADO
4803	26	ALVARO DE CARVALHO
4804	26	ALVINLANDIA
4805	26	AMERICANA
4806	26	AMERICO BRASILIENSE
4807	26	AMERICO DE CAMPOS
4808	26	AMPARO
4809	26	ANALANDIA
4810	26	ANDRADINA
4811	26	ANGATUBA
4812	26	ANHEMBI
4813	26	ANHUMAS
4814	26	APARECIDA
4815	26	APARECIDA DOESTE
4816	26	APIAI
4817	26	ARACARIGUAMA
4818	26	ARACATUBA
4819	26	ARACOIABA DA SERRA
4820	26	ARAMINA
4821	26	ARANDU
4822	26	ARAPEI
4823	26	ARARAQUARA
4824	26	ARARAS
4825	26	ARCO-IRIS
4826	26	AREALVA
4827	26	AREIAS
4828	26	AREIOPOLIS
4829	26	ARIRANHA
4830	26	ARTUR NOGUEIRA
4831	26	ARUJA
4832	26	ASPASIA
4833	26	ASSIS
4834	26	ATIBAIA
4835	26	AURIFLAMA
4836	26	AVAI
4837	26	AVANHANDAVA
4838	26	AVARE
4839	26	BADY BASSITT
4840	26	BALBINOS
4841	26	BALSAMO
4842	26	BANANAL
4843	26	BARAO DE ANTONINA
4844	26	BARBOSA
4845	26	BARIRI
4846	26	BARRA BONITA
4847	26	BARRA DO CHAPEU
4848	26	BARRA DO TURVO
4849	26	BARRETOS
4850	26	BARRINHA
4851	26	BARUERI
4852	26	BASTOS
4853	26	BATATAIS
4854	26	BAURU
4855	26	BEBEDOURO
4856	26	BENTO DE ABREU
4857	26	BERNARDINO DE CAMPOS
4858	26	BERTIOGA
4859	26	BILAC
4860	26	BIRIGUI
4861	26	BIRITIBA-MIRIM
4862	26	BOA ESPERANCA DO SUL
4863	26	BOCAINA
4864	26	BOFETE
4865	26	BOITUVA
4866	26	BOM JESUS DOS PERDOES
4867	26	BOM SUCESSO DE ITARARE
4868	26	BORA
4869	26	BORACEIA
4870	26	BORBOREMA
4871	26	BOREBI
4872	26	BOTUCATU
4873	26	BRAGANCA PAULISTA
4874	26	BRAUNA
4875	26	BREJO ALEGRE
4876	26	BRODOWSKI
4877	26	BROTAS
4878	26	BURI
4879	26	BURITAMA
4880	26	BURITIZAL
4881	26	CABRALIA PAULISTA
4882	26	CABREUVA
4883	26	CACAPAVA
4884	26	CACHOEIRA PAULISTA
4885	26	CACONDE
4886	26	CAFELANDIA
4887	26	CAIABU
4888	26	CAIEIRAS
4889	26	CAIUA
4890	26	CAJAMAR
4891	26	CAJATI
4892	26	CAJOBI
4893	26	CAJURU
4894	26	CAMPINA DO MONTE ALEGRE
4895	26	CAMPINAS
4896	26	CAMPO LIMPO PAULISTA
4897	26	CAMPOS DO JORDAO
4898	26	CAMPOS NOVOS PAULISTA
4899	26	CANANEIA
4900	26	CANAS
4901	26	CANDIDO MOTA
4902	26	CANDIDO RODRIGUES
4903	26	CANITAR
4904	26	CAPAO BONITO
4905	26	CAPELA DO ALTO
4906	26	CAPIVARI
4907	26	CARAGUATATUBA
4908	26	CARAPICUIBA
4909	26	CARDOSO
4910	26	CASA BRANCA
4911	26	CASSIA DOS COQUEIROS
4912	26	CASTILHO
4913	26	CATANDUVA
4914	26	CATIGUA
4915	26	CEDRAL
4916	26	CERQUEIRA CESAR
4917	26	CERQUILHO
4918	26	CESARIO LANGE
4919	26	CHARQUEADA
4920	26	CHAVANTES
4921	26	CLEMENTINA
4922	26	COLINA
4923	26	COLOMBIA
4924	26	CONCHAL
4925	26	CONCHAS
4926	26	CORDEIROPOLIS
4927	26	COROADOS
4928	26	CORONEL MACEDO
4929	26	CORUMBATAI
4930	26	COSMOPOLIS
4931	26	COSMORAMA
4932	26	COTIA
4933	26	CRAVINHOS
4934	26	CRISTAIS PAULISTA
4935	26	CRUZALIA
4936	26	CRUZEIRO
4937	26	CUBATAO
4938	26	CUNHA
4939	26	DESCALVADO
4940	26	DIADEMA
4941	26	DIRCE REIS
4942	26	DIVINOLANDIA
4943	26	DOBRADA
4944	26	DOIS CORREGOS
4945	26	DOLCINOPOLIS
4946	26	DOURADO
4947	26	DRACENA
4948	26	DUARTINA
4949	26	DUMONT
4950	26	ECHAPORA
4951	26	ELDORADO
4952	26	ELIAS FAUSTO
4953	26	ELISIARIO
4954	26	EMBAUBA
4955	26	EMBU DAS ARTES
4956	26	EMBU-GUACU
4957	26	EMILIANOPOLIS
4958	26	ENGENHEIRO COELHO
4959	26	ESPIRITO SANTO DO PINHAL
4960	26	ESPIRITO SANTO DO TURVO
4961	26	ESTIVA GERBI
4962	26	ESTRELA DO NORTE
4963	26	ESTRELA DOESTE
4964	26	EUCLIDES DA CUNHA PAULISTA
4965	26	FARTURA
4966	26	FERNANDO PRESTES
4967	26	FERNANDOPOLIS
4968	26	FERNAO
4969	26	FERRAZ DE VASCONCELOS
4970	26	FLORA RICA
4971	26	FLOREAL
4972	26	FLORIDA PAULISTA
4973	26	FLORINIA
4974	26	FRANCA
4975	26	FRANCISCO MORATO
4976	26	FRANCO DA ROCHA
4977	26	GABRIEL MONTEIRO
4978	26	GALIA
4979	26	GARCA
4980	26	GASTAO VIDIGAL
4981	26	GAVIAO PEIXOTO
4982	26	GENERAL SALGADO
4983	26	GETULINA
4984	26	GLICERIO
4985	26	GUAICARA
4986	26	GUAIMBE
4987	26	GUAIRA
4988	26	GUAPIACU
4989	26	GUAPIARA
4990	26	GUARA
4991	26	GUARACAI
4992	26	GUARACI
4993	26	GUARANI DOESTE
4994	26	GUARANTA
4995	26	GUARARAPES
4996	26	GUARAREMA
4997	26	GUARATINGUETA
4998	26	GUAREI
4999	26	GUARIBA
5000	26	GUARUJA
5001	26	GUARULHOS
5002	26	GUATAPARA
5003	26	GUZOLANDIA
5004	26	HERCULANDIA
5005	26	HOLAMBRA
5006	26	HORTOLANDIA
5007	26	IACANGA
5008	26	IACRI
5009	26	IARAS
5010	26	IBATE
5011	26	IBIRA
5012	26	IBIRAREMA
5013	26	IBITINGA
5014	26	IBIUNA
5015	26	ICEM
5016	26	IEPE
5017	26	IGARACU DO TIETE
5018	26	IGARAPAVA
5019	26	IGARATA
5020	26	IGUAPE
5021	26	ILHA COMPRIDA
5022	26	ILHA SOLTEIRA
5023	26	ILHABELA
5024	26	INDAIATUBA
5025	26	INDIANA
5026	26	INDIAPORA
5027	26	INUBIA PAULISTA
5028	26	IPAUSSU
5029	26	IPERO
5030	26	IPEUNA
5031	26	IPIGUA
5032	26	IPORANGA
5033	26	IPUA
5034	26	IRACEMAPOLIS
5035	26	IRAPUA
5036	26	IRAPURU
5037	26	ITABERA
5038	26	ITAI
5039	26	ITAJOBI
5040	26	ITAJU
5041	26	ITANHAEM
5042	26	ITAOCA
5043	26	ITAPECERICA DA SERRA
5044	26	ITAPETININGA
5045	26	ITAPEVA
5046	26	ITAPEVI
5047	26	ITAPIRA
5048	26	ITAPIRAPUA PAULISTA
5049	26	ITAPOLIS
5050	26	ITAPORANGA
5051	26	ITAPUI
5052	26	ITAPURA
5053	26	ITAQUAQUECETUBA
5054	26	ITARARE
5055	26	ITARIRI
5056	26	ITATIBA
5057	26	ITATINGA
5058	26	ITIRAPINA
5059	26	ITIRAPUA
5060	26	ITOBI
5061	26	ITU
5062	26	ITUPEVA
5063	26	ITUVERAVA
5064	26	JABORANDI
5065	26	JABOTICABAL
5066	26	JACAREI
5067	26	JACI
5068	26	JACUPIRANGA
5069	26	JAGUARIUNA
5070	26	JALES
5071	26	JAMBEIRO
5072	26	JANDIRA
5073	26	JARDINOPOLIS
5074	26	JARINU
5075	26	JAU
5076	26	JERIQUARA
5077	26	JOANOPOLIS
5078	26	JOAO RAMALHO
5079	26	JOSE BONIFACIO
5080	26	JULIO MESQUITA
5081	26	JUMIRIM
5082	26	JUNDIAI
5083	26	JUNQUEIROPOLIS
5084	26	JUQUIA
5085	26	JUQUITIBA
5086	26	LAGOINHA
5087	26	LARANJAL PAULISTA
5088	26	LAVINIA
5089	26	LAVRINHAS
5090	26	LEME
5091	26	LENCOIS PAULISTA
5092	26	LIMEIRA
5093	26	LINDOIA
5094	26	LINS
5095	26	LORENA
5096	26	LOURDES
5097	26	LOUVEIRA
5098	26	LUCELIA
5099	26	LUCIANOPOLIS
5100	26	LUIS ANTONIO
5101	26	LUIZIANIA
5102	26	LUPERCIO
5103	26	LUTECIA
5104	26	MACATUBA
5105	26	MACAUBAL
5106	26	MACEDONIA
5107	26	MAGDA
5108	26	MAIRINQUE
5109	26	MAIRIPORA
5110	26	MANDURI
5111	26	MARABA PAULISTA
5112	26	MARACAI
5113	26	MARAPOAMA
5114	26	MARIAPOLIS
5115	26	MARILIA
5116	26	MARINOPOLIS
5117	26	MARTINOPOLIS
5118	26	MATAO
5119	26	MAUA
5120	26	MENDONCA
5121	26	MERIDIANO
5122	26	MESOPOLIS
5123	26	MIGUELOPOLIS
5124	26	MINEIROS DO TIETE
5125	26	MIRA ESTRELA
5126	26	MIRACATU
5127	26	MIRANDOPOLIS
5128	26	MIRANTE DO PARANAPANEMA
5129	26	MIRASSOL
5130	26	MIRASSOLANDIA
5131	26	MOCOCA
5132	26	MOGI DAS CRUZES
5133	26	MOGI GUACU
5134	26	MOGI MIRIM
5135	26	MOMBUCA
5136	26	MONCOES
5137	26	MONGAGUA
5138	26	MONTE ALEGRE DO SUL
5139	26	MONTE ALTO
5140	26	MONTE APRAZIVEL
5141	26	MONTE AZUL PAULISTA
5142	26	MONTE CASTELO
5143	26	MONTE MOR
5144	26	MONTEIRO LOBATO
5145	26	MORRO AGUDO
5146	26	MORUNGABA
5147	26	MOTUCA
5148	26	MURUTINGA DO SUL
5149	26	NANTES
5150	26	NARANDIBA
5151	26	NATIVIDADE DA SERRA
5152	26	NAZARE PAULISTA
5153	26	NEVES PAULISTA
5154	26	NHANDEARA
5155	26	NIPOA
5156	26	NOVA ALIANCA
5157	26	NOVA CAMPINA
5158	26	NOVA CANAA PAULISTA
5159	26	NOVA CASTILHO
5160	26	NOVA EUROPA
5161	26	NOVA GRANADA
5162	26	NOVA GUATAPORANGA
5163	26	NOVA INDEPENDENCIA
5164	26	NOVA LUZITANIA
5165	26	NOVA ODESSA
5166	26	NOVAIS
5167	26	NOVO HORIZONTE
5168	26	NUPORANGA
5169	26	OCAUCU
5170	26	OLEO
5171	26	OLIMPIA
5172	26	ONDA VERDE
5173	26	ORIENTE
5174	26	ORINDIUVA
5175	26	ORLANDIA
5176	26	OSASCO
5177	26	OSCAR BRESSANE
5178	26	OSVALDO CRUZ
5179	26	OURINHOS
5180	26	OURO VERDE
5181	26	OUROESTE
5182	26	PACAEMBU
5183	26	PALESTINA
5184	26	PALMARES PAULISTA
5185	26	PALMEIRA DOESTE
5186	26	PALMITAL
5187	26	PANORAMA
5188	26	PARAGUACU PAULISTA
5189	26	PARAIBUNA
5190	26	PARAISO
5191	26	PARANAPANEMA
5192	26	PARANAPUA
5193	26	PARAPUA
5194	26	PARDINHO
5195	26	PARIQUERA-ACU
5196	26	PARISI
5197	26	PATROCINIO PAULISTA
5198	26	PAULICEIA
5199	26	PAULINIA
5200	26	PAULISTANIA
5201	26	PAULO DE FARIA
5202	26	PEDERNEIRAS
5203	26	PEDRA BELA
5204	26	PEDRANOPOLIS
5205	26	PEDREGULHO
5206	26	PEDREIRA
5207	26	PEDRINHAS PAULISTA
5208	26	PEDRO DE TOLEDO
5209	26	PENAPOLIS
5210	26	PEREIRA BARRETO
5211	26	PEREIRAS
5212	26	PERUIBE
5213	26	PIACATU
5214	26	PIEDADE
5215	26	PILAR DO SUL
5216	26	PINDAMONHANGABA
5217	26	PINDORAMA
5218	26	PINHALZINHO
5219	26	PIQUEROBI
5220	26	PIQUETE
5221	26	PIRACAIA
5222	26	PIRACICABA
5223	26	PIRAJU
5224	26	PIRAJUI
5225	26	PIRANGI
5226	26	PIRAPORA DO BOM JESUS
5227	26	PIRAPOZINHO
5228	26	PIRASSUNUNGA
5229	26	PIRATININGA
5230	26	PITANGUEIRAS
5231	26	PLANALTO
5232	26	PLATINA
5233	26	POA
5234	26	POLONI
5235	26	POMPEIA
5236	26	PONGAI
5237	26	PONTAL
5238	26	PONTALINDA
5239	26	PONTES GESTAL
5240	26	POPULINA
5241	26	PORANGABA
5242	26	PORTO FELIZ
5243	26	PORTO FERREIRA
5244	26	POTIM
5245	26	POTIRENDABA
5246	26	PRACINHA
5247	26	PRADOPOLIS
5248	26	PRAIA GRANDE
5249	26	PRATANIA
5250	26	PRESIDENTE ALVES
5251	26	PRESIDENTE BERNARDES
5252	26	PRESIDENTE EPITACIO
5253	26	PRESIDENTE PRUDENTE
5254	26	PRESIDENTE VENCESLAU
5255	26	PROMISSAO
5256	26	QUADRA
5257	26	QUATA
5258	26	QUEIROZ
5259	26	QUELUZ
5260	26	QUINTANA
5261	26	RAFARD
5262	26	RANCHARIA
5263	26	REDENCAO DA SERRA
5264	26	REGENTE FEIJO
5265	26	REGINOPOLIS
5266	26	REGISTRO
5267	26	RESTINGA
5268	26	RIBEIRA
5269	26	RIBEIRAO BONITO
5270	26	RIBEIRAO BRANCO
5271	26	RIBEIRAO CORRENTE
5272	26	RIBEIRAO DO SUL
5273	26	RIBEIRAO DOS INDIOS
5274	26	RIBEIRAO GRANDE
5275	26	RIBEIRAO PIRES
5276	26	RIBEIRAO PRETO
5277	26	RIFAINA
5278	26	RINCAO
5279	26	RINOPOLIS
5280	26	RIO CLARO
5281	26	RIO DAS PEDRAS
5282	26	RIO GRANDE DA SERRA
5283	26	RIOLANDIA
5284	26	RIVERSUL
5285	26	ROSANA
5286	26	ROSEIRA
5287	26	RUBIACEA
5288	26	RUBINEIA
5289	26	SABINO
5290	26	SAGRES
5291	26	SALES
5292	26	SALES OLIVEIRA
5293	26	SALESOPOLIS
5294	26	SALMOURAO
5295	26	SALTINHO
5296	26	SALTO
5297	26	SALTO DE PIRAPORA
5298	26	SALTO GRANDE
5299	26	SANDOVALINA
5300	26	SANTA ADELIA
5301	26	SANTA ALBERTINA
5302	26	SANTA BARBARA DOESTE
5303	26	SANTA BRANCA
5304	26	SANTA CLARA DOESTE
5305	26	SANTA CRUZ DA CONCEICAO
5306	26	SANTA CRUZ DA ESPERANCA
5307	26	SANTA CRUZ DAS PALMEIRAS
5308	26	SANTA CRUZ DO RIO PARDO
5309	26	SANTA ERNESTINA
5310	26	SANTA FE DO SUL
5311	26	SANTA GERTRUDES
5312	26	SANTA ISABEL
5313	26	SANTA LUCIA
5314	26	SANTA MARIA DA SERRA
5315	26	SANTA MERCEDES
5316	26	SANTA RITA DO PASSA QUATRO
5317	26	SANTA RITA DOESTE
5318	26	SANTA ROSA DE VITERBO
5319	26	SANTA SALETE
5320	26	SANTANA DA PONTE PENSA
5321	26	SANTANA DE PARNAIBA
5322	26	SANTO ANASTACIO
5323	26	SANTO ANDRE
5324	26	SANTO ANTONIO DA ALEGRIA
5325	26	SANTO ANTONIO DE POSSE
5326	26	SANTO ANTONIO DO ARACANGUA
5327	26	SANTO ANTONIO DO JARDIM
5328	26	SANTO ANTONIO DO PINHAL
5329	26	SANTO EXPEDITO
5330	26	SANTOPOLIS DO AGUAPEI
5331	26	SANTOS
5332	26	SAO BENTO DO SAPUCAI
5333	26	SAO BERNARDO DO CAMPO
5334	26	SAO CAETANO DO SUL
5335	26	SAO CARLOS
5336	26	SAO FRANCISCO
5337	26	SAO JOAO DA BOA VISTA
5338	26	SAO JOAO DAS DUAS PONTES
5339	26	SAO JOAO DE IRACEMA
5340	26	SAO JOAO DO PAU DALHO
5341	26	SAO JOAQUIM DA BARRA
5342	26	SAO JOSE DA BELA VISTA
5343	26	SAO JOSE DO BARREIRO
5344	26	SAO JOSE DO RIO PARDO
5345	26	SAO JOSE DO RIO PRETO
5346	26	SAO JOSE DOS CAMPOS
5347	26	SAO LOURENCO DA SERRA
5348	26	SAO LUIS DO PARAITINGA
5349	26	SAO MANUEL
5350	26	SAO MIGUEL ARCANJO
5351	26	SAO PAULO
5352	26	SAO PEDRO
5353	26	SAO PEDRO DO TURVO
5354	26	SAO ROQUE
5355	26	SAO SEBASTIAO
5356	26	SAO SEBASTIAO DA GRAMA
5357	26	SAO SIMAO
5358	26	SAO VICENTE
5359	26	SARAPUI
5360	26	SARUTAIA
5361	26	SEBASTIANOPOLIS DO SUL
5362	26	SERRA AZUL
5363	26	SERRA NEGRA
5364	26	SERRANA
5365	26	SERTAOZINHO
5366	26	SETE BARRAS
5367	26	SEVERINIA
5368	26	SILVEIRAS
5369	26	SOCORRO
5370	26	SOROCABA
5371	26	SUD MENNUCCI
5372	26	SUMARE
5373	26	SUZANAPOLIS
5374	26	SUZANO
5375	26	TABAPUA
5376	26	TABATINGA
5377	26	TABOAO DA SERRA
5378	26	TACIBA
5379	26	TAGUAI
5380	26	TAIACU
5381	26	TAIUVA
5382	26	TAMBAU
5383	26	TANABI
5384	26	TAPIRAI
5385	26	TAPIRATIBA
5386	26	TAQUARAL
5387	26	TAQUARITINGA
5388	26	TAQUARITUBA
5389	26	TAQUARIVAI
5390	26	TARABAI
5391	26	TARUMA
5392	26	TATUI
5393	26	TAUBATE
5394	26	TEJUPA
5395	26	TEODORO SAMPAIO
5396	26	TERRA ROXA
5397	26	TIETE
5398	26	TIMBURI
5399	26	TORRE DE PEDRA
5400	26	TORRINHA
5401	26	TRABIJU
5402	26	TREMEMBE
5403	26	TRES FRONTEIRAS
5404	26	TUIUTI
5405	26	TUPA
5406	26	TUPI PAULISTA
5407	26	TURIUBA
5408	26	TURMALINA
5409	26	UBARANA
5410	26	UBATUBA
5411	26	UBIRAJARA
5412	26	UCHOA
5413	26	UNIAO PAULISTA
5414	26	URANIA
5415	26	URU
5416	26	URUPES
5417	26	VALENTIM GENTIL
5418	26	VALINHOS
5419	26	VALPARAISO
5420	26	VARGEM
5421	26	VARGEM GRANDE DO SUL
5422	26	VARGEM GRANDE PAULISTA
5423	26	VARZEA PAULISTA
5424	26	VERA CRUZ
5425	26	VINHEDO
5426	26	VIRADOURO
5427	26	VISTA ALEGRE DO ALTO
5428	26	VITORIA BRASIL
5429	26	VOTORANTIM
5430	26	VOTUPORANGA
5431	26	ZACARIAS
5432	27	ABREULANDIA
5433	27	AGUIARNOPOLIS
5434	27	ALIANCA DO TOCANTINS
5435	27	ALMAS
5436	27	ALVORADA
5437	27	ANANAS
5438	27	ANGICO
5439	27	APARECIDA DO RIO NEGRO
5440	27	ARAGOMINAS
5441	27	ARAGUACEMA
5442	27	ARAGUACU
5443	27	ARAGUAINA
5444	27	ARAGUANA
5445	27	ARAGUATINS
5446	27	ARAPOEMA
5447	27	ARRAIAS
5448	27	AUGUSTINOPOLIS
5449	27	AURORA DO TOCANTINS
5450	27	AXIXA DO TOCANTINS
5451	27	BABACULANDIA
5452	27	BANDEIRANTES DO TOCANTINS
5453	27	BARRA DO OURO
5454	27	BARROLANDIA
5455	27	BERNARDO SAYAO
5456	27	BOM JESUS DO TOCANTINS
5457	27	BRASILANDIA DO TOCANTINS
5458	27	BREJINHO DE NAZARE
5459	27	BURITI DO TOCANTINS
5460	27	CACHOEIRINHA
5461	27	CAMPOS LINDOS
5462	27	CARIRI DO TOCANTINS
5463	27	CARMOLANDIA
5464	27	CARRASCO BONITO
5465	27	CASEARA
5466	27	CENTENARIO
5467	27	CHAPADA DA NATIVIDADE
5468	27	CHAPADA DE AREIA
5469	27	COLINAS DO TOCANTINS
5470	27	COLMEIA
5471	27	COMBINADO
5472	27	CONCEICAO DO TOCANTINS
5473	27	COUTO MAGALHAES
5474	27	CRISTALANDIA
5475	27	CRIXAS DO TOCANTINS
5476	27	DARCINOPOLIS
5477	27	DIANOPOLIS
5478	27	DIVINOPOLIS DO TOCANTINS
5479	27	DOIS IRMAOS DO TOCANTINS
5480	27	DUERE
5481	27	ESPERANTINA
5482	27	FATIMA
5483	27	FIGUEIROPOLIS
5484	27	FILADELFIA
5485	27	FORMOSO DO ARAGUAIA
5486	27	FORTALEZA DO TABOCAO
5487	27	GOIANORTE
5488	27	GOIATINS
5489	27	GUARAI
5490	27	GURUPI
5491	27	IPUEIRAS
5492	27	ITACAJA
5493	27	ITAGUATINS
5494	27	ITAPIRATINS
5495	27	ITAPORA DO TOCANTINS
5496	27	JAU DO TOCANTINS
5497	27	JUARINA
5498	27	LAGOA DA CONFUSAO
5499	27	LAGOA DO TOCANTINS
5500	27	LAJEADO
5501	27	LAVANDEIRA
5502	27	LIZARDA
5503	27	LUZINOPOLIS
5504	27	MARIANOPOLIS DO TOCANTINS
5505	27	MATEIROS
5506	27	MAURILANDIA DO TOCANTINS
5507	27	MIRACEMA DO TOCANTINS
5508	27	MIRANORTE
5509	27	MONTE DO CARMO
5510	27	MONTE SANTO DO TOCANTINS
5511	27	MURICILANDIA
5512	27	NATIVIDADE
5513	27	NAZARE
5514	27	NOVA OLINDA
5515	27	NOVA ROSALANDIA
5516	27	NOVO ACORDO
5517	27	NOVO ALEGRE
5518	27	NOVO JARDIM
5519	27	OLIVEIRA DE FATIMA
5520	27	PALMAS
5521	27	PALMEIRANTE
5522	27	PALMEIRAS DO TOCANTINS
5523	27	PALMEIROPOLIS
5524	27	PARAISO DO TOCANTINS
5525	27	PARANA
5526	27	PAU DARCO
5527	27	PEDRO AFONSO
5528	27	PEIXE
5529	27	PEQUIZEIRO
5530	27	PINDORAMA DO TOCANTINS
5531	27	PIRAQUE
5532	27	PIUM
5533	27	PONTE ALTA DO BOM JESUS
5534	27	PONTE ALTA DO TOCANTINS
5535	27	PORTO ALEGRE DO TOCANTINS
5536	27	PORTO NACIONAL
5537	27	PRAIA NORTE
5538	27	PRESIDENTE KENNEDY
5539	27	PUGMIL
5540	27	RECURSOLANDIA
5541	27	RIACHINHO
5542	27	RIO DA CONCEICAO
5543	27	RIO DOS BOIS
5544	27	RIO SONO
5545	27	SAMPAIO
5546	27	SANDOLANDIA
5547	27	SANTA FE DO ARAGUAIA
5548	27	SANTA MARIA DO TOCANTINS
5549	27	SANTA RITA DO TOCANTINS
5550	27	SANTA ROSA DO TOCANTINS
5551	27	SANTA TEREZA DO TOCANTINS
5552	27	SANTA TEREZINHA DO TOCANTINS
5553	27	SAO BENTO DO TOCANTINS
5554	27	SAO FELIX DO TOCANTINS
5555	27	SAO MIGUEL DO TOCANTINS
5556	27	SAO SALVADOR DO TOCANTINS
5557	27	SAO SEBASTIAO DO TOCANTINS
5558	27	SAO VALERIO
5559	27	SILVANOPOLIS
5560	27	SITIO NOVO DO TOCANTINS
5561	27	SUCUPIRA
5562	27	TAGUATINGA
5563	27	TAIPAS DO TOCANTINS
5564	27	TALISMA
5565	27	TOCANTINIA
5566	27	TOCANTINOPOLIS
5567	27	TUPIRAMA
5568	27	TUPIRATINS
5569	27	WANDERLANDIA
5570	27	XAMBIOA
\.


--
-- TOC entry 2109 (class 0 OID 0)
-- Dependencies: 180
-- Name: tb_cidade_id_cidade_seq; Type: SEQUENCE SET; Schema: public; Owner: postgres
--

SELECT pg_catalog.setval('tb_cidade_id_cidade_seq', 5570, true);


--
-- TOC entry 2075 (class 0 OID 2708979)
-- Dependencies: 185
-- Data for Name: tb_cliente; Type: TABLE DATA; Schema: public; Owner: postgres
--

COPY tb_cliente (id_cliente, id_endereco, tipo_pessoa, nome_cliente, cpf_cnpj, fg_ativo) FROM stdin;
\.


--
-- TOC entry 2110 (class 0 OID 0)
-- Dependencies: 184
-- Name: tb_cliente_id_cliente_seq; Type: SEQUENCE SET; Schema: public; Owner: postgres
--

SELECT pg_catalog.setval('tb_cliente_id_cliente_seq', 12, true);


--
-- TOC entry 2077 (class 0 OID 2708992)
-- Dependencies: 187
-- Data for Name: tb_contato; Type: TABLE DATA; Schema: public; Owner: postgres
--

COPY tb_contato (id_contato, id_tipo_contato, id_cliente, descricao, fg_ativo) FROM stdin;
\.


--
-- TOC entry 2111 (class 0 OID 0)
-- Dependencies: 186
-- Name: tb_contato_id_contato_seq; Type: SEQUENCE SET; Schema: public; Owner: postgres
--

SELECT pg_catalog.setval('tb_contato_id_contato_seq', 18, true);


--
-- TOC entry 2083 (class 0 OID 2709051)
-- Dependencies: 193
-- Data for Name: tb_contrato; Type: TABLE DATA; Schema: public; Owner: postgres
--

COPY tb_contrato (id_contrato, id_cliente, id_tipo_evento, id_evento, id_formas_pagamento, data_evento, total_a_pagar, qtde_parcelas, juro_mensal, total_parcelado, valor_parcela, dt_contrato, fg_ativo) FROM stdin;
\.


--
-- TOC entry 2112 (class 0 OID 0)
-- Dependencies: 192
-- Name: tb_contrato_id_contrato_seq; Type: SEQUENCE SET; Schema: public; Owner: postgres
--

SELECT pg_catalog.setval('tb_contrato_id_contrato_seq', 1, false);


--
-- TOC entry 2085 (class 0 OID 2709088)
-- Dependencies: 195
-- Data for Name: tb_convidados; Type: TABLE DATA; Schema: public; Owner: postgres
--

COPY tb_convidados (id_convidado, nome_convidado, dt_nasc, email, qtde_convites, img_convidado, obs, fg_confirmou_presenca) FROM stdin;
\.


--
-- TOC entry 2113 (class 0 OID 0)
-- Dependencies: 194
-- Name: tb_convidados_id_convidado_seq; Type: SEQUENCE SET; Schema: public; Owner: postgres
--

SELECT pg_catalog.setval('tb_convidados_id_convidado_seq', 1, false);


--
-- TOC entry 2073 (class 0 OID 2708960)
-- Dependencies: 183
-- Data for Name: tb_endereco; Type: TABLE DATA; Schema: public; Owner: postgres
--

COPY tb_endereco (id_endereco, id_cidade, id_tipo_logradouro, descricao, num, complemento, num_apto, bairro, cep, fg_ativo) FROM stdin;
\.


--
-- TOC entry 2114 (class 0 OID 0)
-- Dependencies: 182
-- Name: tb_endereco_id_endereco_seq; Type: SEQUENCE SET; Schema: public; Owner: postgres
--

SELECT pg_catalog.setval('tb_endereco_id_endereco_seq', 10, true);


--
-- TOC entry 2065 (class 0 OID 2708923)
-- Dependencies: 175
-- Data for Name: tb_estado; Type: TABLE DATA; Schema: public; Owner: postgres
--

COPY tb_estado (id_estado, nome_estado, sigla) FROM stdin;
1	ACRE	AC
2	ALAGOAS	AL
3	AMAZONAS	AM
4	AMAPA	AP
5	BAHIA	BA
6	CEARA	CE
7	DISTRITO FEDERAL	DF
8	ESPIRITO SANTO	ES
9	GOIAS	GO
10	MARANHAO	MA
11	MINAS GERAIS	MG
12	MATO GROSSO DO SUL	MS
13	MATO GROSSO	MT
14	PARA	PA
15	PARAIBA	PB
16	PERNAMBUCO	PE
17	PIAUI	PI
18	PARANA	PR
19	RIO DE JANEIRO	RJ
20	RIO GRANDE DO NORTE	RN
21	RONDONIA	RO
22	RORAIMA	RR
23	RIO GRANDE DO SUL	RS
24	SANTA CATARINA	SC
25	SERGIPE	SE
26	SAO PAULO	SP
27	TOCANTINS	TO
\.


--
-- TOC entry 2115 (class 0 OID 0)
-- Dependencies: 174
-- Name: tb_estado_id_estado_seq; Type: SEQUENCE SET; Schema: public; Owner: postgres
--

SELECT pg_catalog.setval('tb_estado_id_estado_seq', 27, true);


--
-- TOC entry 2081 (class 0 OID 2709028)
-- Dependencies: 191
-- Data for Name: tb_evento; Type: TABLE DATA; Schema: public; Owner: postgres
--

COPY tb_evento (id_evento, id_cliente, id_tipo_evento, id_local_evento, nome_evento, dt_hora_evento, qtde_convidados_atual, fg_ativo) FROM stdin;
\.


--
-- TOC entry 2086 (class 0 OID 2709107)
-- Dependencies: 196
-- Data for Name: tb_evento_convidados; Type: TABLE DATA; Schema: public; Owner: postgres
--

COPY tb_evento_convidados (id_convidado, id_evento) FROM stdin;
\.


--
-- TOC entry 2116 (class 0 OID 0)
-- Dependencies: 190
-- Name: tb_evento_id_evento_seq; Type: SEQUENCE SET; Schema: public; Owner: postgres
--

SELECT pg_catalog.setval('tb_evento_id_evento_seq', 1, false);


--
-- TOC entry 2061 (class 0 OID 2708891)
-- Dependencies: 171
-- Data for Name: tb_formas_pagamento; Type: TABLE DATA; Schema: public; Owner: postgres
--

COPY tb_formas_pagamento (id_forma_pagamento, descricao, fg_ativo) FROM stdin;
1	CARTAO DE CREDITO - A VISTA	t
2	CARTAO DE CREDITO - A PRAZO	t
3	CARTAO DE DEBITO - A VISTA	t
4	CHEQUE	t
5	DINHEIRO	t
\.


--
-- TOC entry 2117 (class 0 OID 0)
-- Dependencies: 170
-- Name: tb_formas_pagamento_id_forma_pagamento_seq; Type: SEQUENCE SET; Schema: public; Owner: postgres
--

SELECT pg_catalog.setval('tb_formas_pagamento_id_forma_pagamento_seq', 5, true);


--
-- TOC entry 2079 (class 0 OID 2709010)
-- Dependencies: 189
-- Data for Name: tb_local_evento; Type: TABLE DATA; Schema: public; Owner: postgres
--

COPY tb_local_evento (id_local_evento, id_endereco, id_contato, nome_local, proprietario, cpf_cnpj, fg_ativo) FROM stdin;
\.


--
-- TOC entry 2118 (class 0 OID 0)
-- Dependencies: 188
-- Name: tb_local_evento_id_local_evento_seq; Type: SEQUENCE SET; Schema: public; Owner: postgres
--

SELECT pg_catalog.setval('tb_local_evento_id_local_evento_seq', 1, false);


--
-- TOC entry 2059 (class 0 OID 2708883)
-- Dependencies: 169
-- Data for Name: tb_login_aplicacao; Type: TABLE DATA; Schema: public; Owner: postgres
--

COPY tb_login_aplicacao (id_login, usuario, senha, fg_ativo) FROM stdin;
\.


--
-- TOC entry 2119 (class 0 OID 0)
-- Dependencies: 168
-- Name: tb_login_aplicacao_id_login_seq; Type: SEQUENCE SET; Schema: public; Owner: postgres
--

SELECT pg_catalog.setval('tb_login_aplicacao_id_login_seq', 1, false);


--
-- TOC entry 2067 (class 0 OID 2708931)
-- Dependencies: 177
-- Data for Name: tb_tipo_contato; Type: TABLE DATA; Schema: public; Owner: postgres
--

COPY tb_tipo_contato (id_tipo_contato, descricao) FROM stdin;
1	CELULAR
2	E-MAIL
3	FAX
4	TELEFONE COMERCIAL
5	TELEFONE RESIDENCIAL
\.


--
-- TOC entry 2120 (class 0 OID 0)
-- Dependencies: 176
-- Name: tb_tipo_contato_id_tipo_contato_seq; Type: SEQUENCE SET; Schema: public; Owner: postgres
--

SELECT pg_catalog.setval('tb_tipo_contato_id_tipo_contato_seq', 5, true);


--
-- TOC entry 2069 (class 0 OID 2708939)
-- Dependencies: 179
-- Data for Name: tb_tipo_evento; Type: TABLE DATA; Schema: public; Owner: postgres
--

COPY tb_tipo_evento (id_tipo_evento, descricao, fg_ativo) FROM stdin;
1	BODAS DE PRATA	t
2	BODAS DE OURO	t
3	CASAMENTO	t
4	CONGRESSO	t
5	DATAS COMEMORATIVAS	t
6	FESTA INFANTIL	t
7	FESTA JUVENIL	t
8	FORMATURA	t
\.


--
-- TOC entry 2121 (class 0 OID 0)
-- Dependencies: 178
-- Name: tb_tipo_evento_id_tipo_evento_seq; Type: SEQUENCE SET; Schema: public; Owner: postgres
--

SELECT pg_catalog.setval('tb_tipo_evento_id_tipo_evento_seq', 8, true);


--
-- TOC entry 2063 (class 0 OID 2708915)
-- Dependencies: 173
-- Data for Name: tb_tipo_logradouro; Type: TABLE DATA; Schema: public; Owner: postgres
--

COPY tb_tipo_logradouro (id_tipo_logradouro, descricao) FROM stdin;
1	ALAMEDA
2	AVENIDA
3	BECO
4	BOULEVARD
5	CAMINHO
6	CAIS
7	CAMPO
8	ESCADA
9	ESTRADA
10	FAVELA
11	FAZENDA
12	FLORESTA
13	ILHA
14	JARDIM
15	LADEIRA
16	LARGO
17	LOTEAMENTO
18	LUGAR
19	MORRO
20	PARQUE
21	PASSEIO
22	PRAIA
23	PRACA
24	RECANTO
25	RODOVIA
26	RUA
27	SERVIDAO
28	TRAVESSA
29	VIA
30	VILA
\.


--
-- TOC entry 2122 (class 0 OID 0)
-- Dependencies: 172
-- Name: tb_tipo_logradouro_id_tipo_logradouro_seq; Type: SEQUENCE SET; Schema: public; Owner: postgres
--

SELECT pg_catalog.setval('tb_tipo_logradouro_id_tipo_logradouro_seq', 30, true);


--
-- TOC entry 2025 (class 2606 OID 2708952)
-- Name: pk_cidade_id_cidade; Type: CONSTRAINT; Schema: public; Owner: postgres; Tablespace: 
--

ALTER TABLE ONLY tb_cidade
    ADD CONSTRAINT pk_cidade_id_cidade PRIMARY KEY (id_cidade);


--
-- TOC entry 2029 (class 2606 OID 2708984)
-- Name: pk_cliente_id_cliente; Type: CONSTRAINT; Schema: public; Owner: postgres; Tablespace: 
--

ALTER TABLE ONLY tb_cliente
    ADD CONSTRAINT pk_cliente_id_cliente PRIMARY KEY (id_cliente);


--
-- TOC entry 2031 (class 2606 OID 2708997)
-- Name: pk_contato_id_contato; Type: CONSTRAINT; Schema: public; Owner: postgres; Tablespace: 
--

ALTER TABLE ONLY tb_contato
    ADD CONSTRAINT pk_contato_id_contato PRIMARY KEY (id_contato);


--
-- TOC entry 2037 (class 2606 OID 2709056)
-- Name: pk_contrato_id_contrato; Type: CONSTRAINT; Schema: public; Owner: postgres; Tablespace: 
--

ALTER TABLE ONLY tb_contrato
    ADD CONSTRAINT pk_contrato_id_contrato PRIMARY KEY (id_contrato);


--
-- TOC entry 2039 (class 2606 OID 2709093)
-- Name: pk_convidados_id_convidados; Type: CONSTRAINT; Schema: public; Owner: postgres; Tablespace: 
--

ALTER TABLE ONLY tb_convidados
    ADD CONSTRAINT pk_convidados_id_convidados PRIMARY KEY (id_convidado);


--
-- TOC entry 2027 (class 2606 OID 2708965)
-- Name: pk_endereco_id_endereco; Type: CONSTRAINT; Schema: public; Owner: postgres; Tablespace: 
--

ALTER TABLE ONLY tb_endereco
    ADD CONSTRAINT pk_endereco_id_endereco PRIMARY KEY (id_endereco);


--
-- TOC entry 2019 (class 2606 OID 2708928)
-- Name: pk_estado_id_estado; Type: CONSTRAINT; Schema: public; Owner: postgres; Tablespace: 
--

ALTER TABLE ONLY tb_estado
    ADD CONSTRAINT pk_estado_id_estado PRIMARY KEY (id_estado);


--
-- TOC entry 2041 (class 2606 OID 2709111)
-- Name: pk_evento_convidados; Type: CONSTRAINT; Schema: public; Owner: postgres; Tablespace: 
--

ALTER TABLE ONLY tb_evento_convidados
    ADD CONSTRAINT pk_evento_convidados PRIMARY KEY (id_convidado, id_evento);


--
-- TOC entry 2035 (class 2606 OID 2709033)
-- Name: pk_evento_id_evento; Type: CONSTRAINT; Schema: public; Owner: postgres; Tablespace: 
--

ALTER TABLE ONLY tb_evento
    ADD CONSTRAINT pk_evento_id_evento PRIMARY KEY (id_evento);


--
-- TOC entry 2015 (class 2606 OID 2708896)
-- Name: pk_formas_pagamento_id_forma_pagamento; Type: CONSTRAINT; Schema: public; Owner: postgres; Tablespace: 
--

ALTER TABLE ONLY tb_formas_pagamento
    ADD CONSTRAINT pk_formas_pagamento_id_forma_pagamento PRIMARY KEY (id_forma_pagamento);


--
-- TOC entry 2033 (class 2606 OID 2709015)
-- Name: pk_local_evento_id_local_evento; Type: CONSTRAINT; Schema: public; Owner: postgres; Tablespace: 
--

ALTER TABLE ONLY tb_local_evento
    ADD CONSTRAINT pk_local_evento_id_local_evento PRIMARY KEY (id_local_evento);


--
-- TOC entry 2013 (class 2606 OID 2708888)
-- Name: pk_login_aplicacao_id_login; Type: CONSTRAINT; Schema: public; Owner: postgres; Tablespace: 
--

ALTER TABLE ONLY tb_login_aplicacao
    ADD CONSTRAINT pk_login_aplicacao_id_login PRIMARY KEY (id_login);


--
-- TOC entry 2021 (class 2606 OID 2708936)
-- Name: pk_tipo_contato_id_tipo_contato; Type: CONSTRAINT; Schema: public; Owner: postgres; Tablespace: 
--

ALTER TABLE ONLY tb_tipo_contato
    ADD CONSTRAINT pk_tipo_contato_id_tipo_contato PRIMARY KEY (id_tipo_contato);


--
-- TOC entry 2023 (class 2606 OID 2708944)
-- Name: pk_tipo_evento_id_tipo_evento; Type: CONSTRAINT; Schema: public; Owner: postgres; Tablespace: 
--

ALTER TABLE ONLY tb_tipo_evento
    ADD CONSTRAINT pk_tipo_evento_id_tipo_evento PRIMARY KEY (id_tipo_evento);


--
-- TOC entry 2017 (class 2606 OID 2708920)
-- Name: pk_tipo_logradouro_id_tipo_logradouro; Type: CONSTRAINT; Schema: public; Owner: postgres; Tablespace: 
--

ALTER TABLE ONLY tb_tipo_logradouro
    ADD CONSTRAINT pk_tipo_logradouro_id_tipo_logradouro PRIMARY KEY (id_tipo_logradouro);


--
-- TOC entry 2042 (class 2606 OID 2708953)
-- Name: fk_cidade_id_estado; Type: FK CONSTRAINT; Schema: public; Owner: postgres
--

ALTER TABLE ONLY tb_cidade
    ADD CONSTRAINT fk_cidade_id_estado FOREIGN KEY (id_estado) REFERENCES tb_estado(id_estado);


--
-- TOC entry 2045 (class 2606 OID 2708985)
-- Name: fk_cliente_id_endereco; Type: FK CONSTRAINT; Schema: public; Owner: postgres
--

ALTER TABLE ONLY tb_cliente
    ADD CONSTRAINT fk_cliente_id_endereco FOREIGN KEY (id_endereco) REFERENCES tb_endereco(id_endereco);


--
-- TOC entry 2047 (class 2606 OID 2709003)
-- Name: fk_contato_id_cliente; Type: FK CONSTRAINT; Schema: public; Owner: postgres
--

ALTER TABLE ONLY tb_contato
    ADD CONSTRAINT fk_contato_id_cliente FOREIGN KEY (id_cliente) REFERENCES tb_cliente(id_cliente);


--
-- TOC entry 2046 (class 2606 OID 2708998)
-- Name: fk_contato_id_tipo_contato; Type: FK CONSTRAINT; Schema: public; Owner: postgres
--

ALTER TABLE ONLY tb_contato
    ADD CONSTRAINT fk_contato_id_tipo_contato FOREIGN KEY (id_tipo_contato) REFERENCES tb_tipo_contato(id_tipo_contato);


--
-- TOC entry 2053 (class 2606 OID 2709057)
-- Name: fk_contrato_id_cliente; Type: FK CONSTRAINT; Schema: public; Owner: postgres
--

ALTER TABLE ONLY tb_contrato
    ADD CONSTRAINT fk_contrato_id_cliente FOREIGN KEY (id_cliente) REFERENCES tb_cliente(id_cliente);


--
-- TOC entry 2055 (class 2606 OID 2709067)
-- Name: fk_contrato_id_evento; Type: FK CONSTRAINT; Schema: public; Owner: postgres
--

ALTER TABLE ONLY tb_contrato
    ADD CONSTRAINT fk_contrato_id_evento FOREIGN KEY (id_evento) REFERENCES tb_evento(id_evento);


--
-- TOC entry 2054 (class 2606 OID 2709062)
-- Name: fk_contrato_id_tipo_evento; Type: FK CONSTRAINT; Schema: public; Owner: postgres
--

ALTER TABLE ONLY tb_contrato
    ADD CONSTRAINT fk_contrato_id_tipo_evento FOREIGN KEY (id_tipo_evento) REFERENCES tb_tipo_evento(id_tipo_evento);


--
-- TOC entry 2043 (class 2606 OID 2708966)
-- Name: fk_endereco_id_cidade; Type: FK CONSTRAINT; Schema: public; Owner: postgres
--

ALTER TABLE ONLY tb_endereco
    ADD CONSTRAINT fk_endereco_id_cidade FOREIGN KEY (id_cidade) REFERENCES tb_cidade(id_cidade);


--
-- TOC entry 2044 (class 2606 OID 2708971)
-- Name: fk_endereco_id_tipo_logradouro; Type: FK CONSTRAINT; Schema: public; Owner: postgres
--

ALTER TABLE ONLY tb_endereco
    ADD CONSTRAINT fk_endereco_id_tipo_logradouro FOREIGN KEY (id_tipo_logradouro) REFERENCES tb_tipo_logradouro(id_tipo_logradouro);


--
-- TOC entry 2056 (class 2606 OID 2709112)
-- Name: fk_evento_convidados_id_convidado; Type: FK CONSTRAINT; Schema: public; Owner: postgres
--

ALTER TABLE ONLY tb_evento_convidados
    ADD CONSTRAINT fk_evento_convidados_id_convidado FOREIGN KEY (id_convidado) REFERENCES tb_convidados(id_convidado);


--
-- TOC entry 2057 (class 2606 OID 2709117)
-- Name: fk_evento_convidados_id_evento; Type: FK CONSTRAINT; Schema: public; Owner: postgres
--

ALTER TABLE ONLY tb_evento_convidados
    ADD CONSTRAINT fk_evento_convidados_id_evento FOREIGN KEY (id_evento) REFERENCES tb_evento(id_evento);


--
-- TOC entry 2050 (class 2606 OID 2709034)
-- Name: fk_evento_id_cliente; Type: FK CONSTRAINT; Schema: public; Owner: postgres
--

ALTER TABLE ONLY tb_evento
    ADD CONSTRAINT fk_evento_id_cliente FOREIGN KEY (id_cliente) REFERENCES tb_cliente(id_cliente);


--
-- TOC entry 2052 (class 2606 OID 2709044)
-- Name: fk_evento_local_evento; Type: FK CONSTRAINT; Schema: public; Owner: postgres
--

ALTER TABLE ONLY tb_evento
    ADD CONSTRAINT fk_evento_local_evento FOREIGN KEY (id_local_evento) REFERENCES tb_local_evento(id_local_evento);


--
-- TOC entry 2051 (class 2606 OID 2709039)
-- Name: fk_evento_tipo_evento; Type: FK CONSTRAINT; Schema: public; Owner: postgres
--

ALTER TABLE ONLY tb_evento
    ADD CONSTRAINT fk_evento_tipo_evento FOREIGN KEY (id_tipo_evento) REFERENCES tb_tipo_evento(id_tipo_evento);


--
-- TOC entry 2049 (class 2606 OID 2709021)
-- Name: fk_local_evento_id_contato; Type: FK CONSTRAINT; Schema: public; Owner: postgres
--

ALTER TABLE ONLY tb_local_evento
    ADD CONSTRAINT fk_local_evento_id_contato FOREIGN KEY (id_contato) REFERENCES tb_contato(id_contato);


--
-- TOC entry 2048 (class 2606 OID 2709016)
-- Name: fk_local_evento_id_endereco; Type: FK CONSTRAINT; Schema: public; Owner: postgres
--

ALTER TABLE ONLY tb_local_evento
    ADD CONSTRAINT fk_local_evento_id_endereco FOREIGN KEY (id_endereco) REFERENCES tb_endereco(id_endereco);


--
-- TOC entry 2093 (class 0 OID 0)
-- Dependencies: 5
-- Name: public; Type: ACL; Schema: -; Owner: postgres
--

REVOKE ALL ON SCHEMA public FROM PUBLIC;
REVOKE ALL ON SCHEMA public FROM postgres;
GRANT ALL ON SCHEMA public TO postgres;
GRANT ALL ON SCHEMA public TO PUBLIC;


-- Completed on 2014-10-01 12:12:57

--
-- PostgreSQL database dump complete
--

